MODL,REPL,MTHD,SUPP_MTHD,SUPP,BRLN
100M1,R0,FastTree,local,51.6,0.06478
100M1,R0,FastTree,local,79.5,0.00966
100M1,R0,FastTree,local,37.3,0.0073
100M1,R0,FastTree,local,11.4,0.01017
100M1,R0,FastTreeDbl,local,51.9,0.064851976
100M1,R0,FastTreeDbl,local,0.0,5e-09
100M1,R0,FastTreeDbl,local,80.0,0.00962874
100M1,R0,FastTreeDbl,local,38.7,0.007292044
100M1,R0,FastTreeDbl,local,11.0,0.009896837
100M1,R0,FastTreeDbl,bootstrap,14.000000000000002,5e-09
100M1,R0,FastTreeDbl,bootstrap,83.0,0.00962874
100M1,R0,FastTreeDbl,bootstrap,48.0,0.007292044
100M1,R0,FastTreeDbl,bootstrap,49.0,0.009896837
100M1,R0,FastTreeDbl,bootstrap,38.0,0.064851976
100M1,R1,FastTree,local,59.599999999999994,0.00714
100M1,R1,FastTree,local,75.8,0.03667
100M1,R1,FastTree,local,73.1,0.03165
100M1,R1,FastTree,local,69.8,0.0235
100M1,R1,FastTree,local,59.5,0.02118
100M1,R1,FastTree,local,77.10000000000001,0.05432
100M1,R1,FastTree,local,48.3,0.02577
100M1,R1,FastTree,local,71.0,0.02225
100M1,R1,FastTree,local,58.3,0.00734
100M1,R1,FastTree,local,80.0,0.03929
100M1,R1,FastTree,local,74.5,0.07626
100M1,R1,FastTreeDbl,local,60.699999999999996,0.007214816
100M1,R1,FastTreeDbl,local,75.7,0.036774519
100M1,R1,FastTreeDbl,local,71.7,0.031602429
100M1,R1,FastTreeDbl,local,68.10000000000001,0.02346267
100M1,R1,FastTreeDbl,local,56.2,0.02119201
100M1,R1,FastTreeDbl,local,77.2,0.054440932
100M1,R1,FastTreeDbl,local,48.1,0.025777853
100M1,R1,FastTreeDbl,local,69.3,0.022272154
100M1,R1,FastTreeDbl,local,42.8,0.007392986
100M1,R1,FastTreeDbl,local,79.3,0.039275814
100M1,R1,FastTreeDbl,local,74.5,0.076203793
100M1,R1,FastTreeDbl,bootstrap,48.0,0.007214816
100M1,R1,FastTreeDbl,bootstrap,41.0,0.036774519
100M1,R1,FastTreeDbl,bootstrap,36.0,0.031602429
100M1,R1,FastTreeDbl,bootstrap,69.0,0.02346267
100M1,R1,FastTreeDbl,bootstrap,69.0,0.02119201
100M1,R1,FastTreeDbl,bootstrap,73.0,0.054440932
100M1,R1,FastTreeDbl,bootstrap,49.0,0.025777853
100M1,R1,FastTreeDbl,bootstrap,61.0,0.022272154
100M1,R1,FastTreeDbl,bootstrap,16.0,0.007392986
100M1,R1,FastTreeDbl,bootstrap,91.0,0.039275814
100M1,R1,FastTreeDbl,bootstrap,36.0,0.076203793
100M1,R2,FastTree,local,35.6,0.00562
100M1,R2,FastTree,local,69.1,0.02941
100M1,R2,FastTree,local,79.0,0.04706
100M1,R2,FastTree,local,49.1,0.0451
100M1,R2,FastTree,local,57.099999999999994,0.01832
100M1,R2,FastTree,local,79.60000000000001,0.08489
100M1,R2,FastTree,local,6.0,0.00069
100M1,R2,FastTree,local,78.5,0.02104
100M1,R2,FastTree,local,19.1,0.03897
100M1,R2,FastTree,local,5.8999999999999995,0.00241
100M1,R2,FastTree,local,80.0,0.08619
100M1,R2,FastTree,local,71.0,0.02358
100M1,R2,FastTreeDbl,local,36.199999999999996,0.005619554
100M1,R2,FastTreeDbl,local,68.5,0.029712539
100M1,R2,FastTreeDbl,local,78.8,0.047098218
100M1,R2,FastTreeDbl,local,49.4,0.045273947
100M1,R2,FastTreeDbl,local,79.2,0.083875645
100M1,R2,FastTreeDbl,local,0.0,1.3e-08
100M1,R2,FastTreeDbl,local,0.0,7e-09
100M1,R2,FastTreeDbl,local,77.8,0.021524325
100M1,R2,FastTreeDbl,local,76.7,0.088539457
100M1,R2,FastTreeDbl,local,0.0,1e-08
100M1,R2,FastTreeDbl,local,75.3,0.032530848
100M1,R2,FastTreeDbl,bootstrap,41.0,7e-09
100M1,R2,FastTreeDbl,bootstrap,67.0,0.021524325
100M1,R2,FastTreeDbl,bootstrap,78.0,0.083875645
100M1,R2,FastTreeDbl,bootstrap,27.0,1.3e-08
100M1,R2,FastTreeDbl,bootstrap,38.0,0.005619554
100M1,R2,FastTreeDbl,bootstrap,67.0,0.029712539
100M1,R2,FastTreeDbl,bootstrap,44.0,0.047098218
100M1,R2,FastTreeDbl,bootstrap,36.0,0.045273947
100M1,R2,FastTreeDbl,bootstrap,6.0,0.032530848
100M1,R2,FastTreeDbl,bootstrap,3.0,1e-08
100M1,R2,FastTreeDbl,bootstrap,28.999999999999996,0.088539457
100M1,R3,FastTree,local,87.3,0.01944
100M1,R3,FastTree,local,25.7,0.00127
100M1,R3,FastTree,local,70.8,0.04134
100M1,R3,FastTree,local,24.6,0.02836
100M1,R3,FastTree,local,61.3,0.05604
100M1,R3,FastTree,local,93.2,0.02229
100M1,R3,FastTree,local,65.7,0.00067
100M1,R3,FastTree,local,44.1,0.00683
100M1,R3,FastTree,local,72.39999999999999,0.03103
100M1,R3,FastTree,local,66.8,0.02827
100M1,R3,FastTree,local,71.89999999999999,0.07374
100M1,R3,FastTree,local,36.7,0.07284
100M1,R3,FastTreeDbl,local,87.4,0.019182302
100M1,R3,FastTreeDbl,local,0.0,2.4e-08
100M1,R3,FastTreeDbl,local,69.6,0.041303154
100M1,R3,FastTreeDbl,local,25.2,0.028399976
100M1,R3,FastTreeDbl,local,61.3,0.056080666
100M1,R3,FastTreeDbl,local,93.2,0.022294832
100M1,R3,FastTreeDbl,local,42.199999999999996,7e-09
100M1,R3,FastTreeDbl,local,39.5,0.006727159
100M1,R3,FastTreeDbl,local,72.0,0.031143316
100M1,R3,FastTreeDbl,local,67.10000000000001,0.028266824
100M1,R3,FastTreeDbl,local,70.7,0.073703606
100M1,R3,FastTreeDbl,local,36.3,0.073066567
100M1,R3,FastTreeDbl,bootstrap,53.0,0.022294832
100M1,R3,FastTreeDbl,bootstrap,40.0,7e-09
100M1,R3,FastTreeDbl,bootstrap,43.0,0.006727159
100M1,R3,FastTreeDbl,bootstrap,20.0,0.031143316
100M1,R3,FastTreeDbl,bootstrap,68.0,0.019182302
100M1,R3,FastTreeDbl,bootstrap,57.99999999999999,2.4e-08
100M1,R3,FastTreeDbl,bootstrap,63.0,0.041303154
100M1,R3,FastTreeDbl,bootstrap,61.0,0.028266824
100M1,R3,FastTreeDbl,bootstrap,81.0,0.073703606
100M1,R3,FastTreeDbl,bootstrap,49.0,0.073066567
100M1,R3,FastTreeDbl,bootstrap,21.0,0.056080666
100M1,R3,FastTreeDbl,bootstrap,6.0,0.028399976
100M1,R4,FastTree,local,43.0,0.02244
100M1,R4,FastTree,local,15.8,0.02154
100M1,R4,FastTree,local,66.5,0.00916
100M1,R4,FastTree,local,51.800000000000004,0.0317
100M1,R4,FastTree,local,22.0,0.03825
100M1,R4,FastTree,local,33.300000000000004,0.03931
100M1,R4,FastTree,local,57.099999999999994,0.05024
100M1,R4,FastTree,local,75.7,0.03091
100M1,R4,FastTree,local,69.1,0.03756
100M1,R4,FastTree,local,91.10000000000001,0.11181
100M1,R4,FastTree,local,67.60000000000001,0.04976
100M1,R4,FastTreeDbl,local,42.8,0.022776439
100M1,R4,FastTreeDbl,local,16.5,0.021576717
100M1,R4,FastTreeDbl,local,64.4,0.009170594
100M1,R4,FastTreeDbl,local,51.300000000000004,0.031755886
100M1,R4,FastTreeDbl,local,22.0,0.038279211
100M1,R4,FastTreeDbl,local,33.7,0.039472654
100M1,R4,FastTreeDbl,local,56.89999999999999,0.050313215
100M1,R4,FastTreeDbl,local,76.1,0.030896005
100M1,R4,FastTreeDbl,local,68.5,0.037537769
100M1,R4,FastTreeDbl,local,91.2,0.111687303
100M1,R4,FastTreeDbl,local,66.4,0.049886295
100M1,R4,FastTreeDbl,bootstrap,49.0,0.009170594
100M1,R4,FastTreeDbl,bootstrap,25.0,0.031755886
100M1,R4,FastTreeDbl,bootstrap,46.0,0.038279211
100M1,R4,FastTreeDbl,bootstrap,46.0,0.039472654
100M1,R4,FastTreeDbl,bootstrap,28.999999999999996,0.022776439
100M1,R4,FastTreeDbl,bootstrap,56.00000000000001,0.021576717
100M1,R4,FastTreeDbl,bootstrap,27.0,0.050313215
100M1,R4,FastTreeDbl,bootstrap,46.0,0.049886295
100M1,R4,FastTreeDbl,bootstrap,51.0,0.111687303
100M1,R4,FastTreeDbl,bootstrap,28.000000000000004,0.037537769
100M1,R4,FastTreeDbl,bootstrap,23.0,0.030896005
100M1,R5,FastTree,local,69.19999999999999,0.00131
100M1,R5,FastTree,local,73.8,0.02099
100M1,R5,FastTree,local,0.0,0.00095
100M1,R5,FastTree,local,39.5,0.06977
100M1,R5,FastTree,local,48.699999999999996,0.01633
100M1,R5,FastTreeDbl,local,0.0,5e-09
100M1,R5,FastTreeDbl,local,71.5,0.001302307
100M1,R5,FastTreeDbl,local,0.0,5e-09
100M1,R5,FastTreeDbl,local,73.9,0.021112633
100M1,R5,FastTreeDbl,local,39.1,0.069474691
100M1,R5,FastTreeDbl,local,50.0,0.016084758
100M1,R5,FastTreeDbl,bootstrap,67.0,0.001302307
100M1,R5,FastTreeDbl,bootstrap,10.0,5e-09
100M1,R5,FastTreeDbl,bootstrap,61.0,0.021112633
100M1,R5,FastTreeDbl,bootstrap,22.0,5e-09
100M1,R5,FastTreeDbl,bootstrap,25.0,0.016084758
100M1,R5,FastTreeDbl,bootstrap,49.0,0.069474691
100M1,R6,FastTree,local,0.0,0.0007
100M1,R6,FastTree,local,73.7,0.02286
100M1,R6,FastTree,local,18.5,0.01861
100M1,R6,FastTree,local,14.799999999999999,0.00401
100M1,R6,FastTree,local,63.3,0.03461
100M1,R6,FastTree,local,70.5,0.04431
100M1,R6,FastTree,local,68.89999999999999,0.04532
100M1,R6,FastTree,local,60.0,0.00845
100M1,R6,FastTree,local,68.89999999999999,0.02814
100M1,R6,FastTree,local,72.5,0.02053
100M1,R6,FastTree,local,68.2,0.02544
100M1,R6,FastTree,local,74.5,0.0299
100M1,R6,FastTree,local,18.6,0.02256
100M1,R6,FastTree,local,15.2,0.01861
100M1,R6,FastTree,local,20.599999999999998,0.00378
100M1,R6,FastTree,local,70.5,0.0226
100M1,R6,FastTree,local,62.3,0.02695
100M1,R6,FastTreeDbl,local,72.2,0.023165454
100M1,R6,FastTreeDbl,local,0.0,7e-09
100M1,R6,FastTreeDbl,local,18.4,0.018631684
100M1,R6,FastTreeDbl,local,16.6,0.003918048
100M1,R6,FastTreeDbl,local,51.5,0.034582734
100M1,R6,FastTreeDbl,local,70.3,0.044307341
100M1,R6,FastTreeDbl,local,67.4,0.045383264
100M1,R6,FastTreeDbl,local,62.7,0.008440916
100M1,R6,FastTreeDbl,local,68.60000000000001,0.028064405
100M1,R6,FastTreeDbl,local,71.7,0.020750713
100M1,R6,FastTreeDbl,local,68.10000000000001,0.025386158
100M1,R6,FastTreeDbl,local,73.8,0.02995921
100M1,R6,FastTreeDbl,local,19.3,0.022649277
100M1,R6,FastTreeDbl,local,15.0,0.018655536
100M1,R6,FastTreeDbl,local,13.200000000000001,0.003070227
100M1,R6,FastTreeDbl,local,69.19999999999999,0.022620965
100M1,R6,FastTreeDbl,local,63.0,0.027000231
100M1,R6,FastTreeDbl,bootstrap,32.0,0.023165454
100M1,R6,FastTreeDbl,bootstrap,15.0,7e-09
100M1,R6,FastTreeDbl,bootstrap,46.0,0.018631684
100M1,R6,FastTreeDbl,bootstrap,32.0,0.003918048
100M1,R6,FastTreeDbl,bootstrap,50.0,0.034582734
100M1,R6,FastTreeDbl,bootstrap,53.0,0.044307341
100M1,R6,FastTreeDbl,bootstrap,61.0,0.028064405
100M1,R6,FastTreeDbl,bootstrap,74.0,0.020750713
100M1,R6,FastTreeDbl,bootstrap,64.0,0.025386158
100M1,R6,FastTreeDbl,bootstrap,55.00000000000001,0.02995921
100M1,R6,FastTreeDbl,bootstrap,34.0,0.022649277
100M1,R6,FastTreeDbl,bootstrap,33.0,0.018655536
100M1,R6,FastTreeDbl,bootstrap,30.0,0.003070227
100M1,R6,FastTreeDbl,bootstrap,64.0,0.022620965
100M1,R6,FastTreeDbl,bootstrap,52.0,0.027000231
100M1,R6,FastTreeDbl,bootstrap,8.0,0.008440916
100M1,R6,FastTreeDbl,bootstrap,15.0,0.045383264
100M1,R7,FastTree,local,34.300000000000004,0.05379
100M1,R7,FastTree,local,59.5,0.0527
100M1,R7,FastTree,local,65.3,0.02311
100M1,R7,FastTree,local,6.800000000000001,0.06525
100M1,R7,FastTree,local,37.9,0.00093
100M1,R7,FastTree,local,85.9,0.01851
100M1,R7,FastTree,local,0.0,0.0005
100M1,R7,FastTree,local,72.39999999999999,0.01974
100M1,R7,FastTreeDbl,local,35.199999999999996,0.05375171
100M1,R7,FastTreeDbl,local,52.2,0.050757586
100M1,R7,FastTreeDbl,local,63.2,0.023534159
100M1,R7,FastTreeDbl,local,38.5,1.3e-08
100M1,R7,FastTreeDbl,local,85.2,0.018531427
100M1,R7,FastTreeDbl,local,0.0,7e-09
100M1,R7,FastTreeDbl,local,72.3,0.019698254
100M1,R7,FastTreeDbl,bootstrap,26.0,0.05375171
100M1,R7,FastTreeDbl,bootstrap,52.0,0.050757586
100M1,R7,FastTreeDbl,bootstrap,59.0,0.023534159
100M1,R7,FastTreeDbl,bootstrap,55.00000000000001,1.3e-08
100M1,R7,FastTreeDbl,bootstrap,81.0,0.018531427
100M1,R7,FastTreeDbl,bootstrap,53.0,7e-09
100M1,R7,FastTreeDbl,bootstrap,50.0,0.019698254
100M1,R8,FastTree,local,74.5,0.03826
100M1,R8,FastTree,local,81.2,0.06191
100M1,R8,FastTree,local,58.699999999999996,0.00079
100M1,R8,FastTree,local,67.80000000000001,0.01289
100M1,R8,FastTree,local,60.3,0.03407
100M1,R8,FastTree,local,52.7,0.03462
100M1,R8,FastTreeDbl,local,74.5,0.038237874
100M1,R8,FastTreeDbl,local,81.0,0.061848092
100M1,R8,FastTreeDbl,local,72.3,0.000747445
100M1,R8,FastTreeDbl,local,66.7,0.012867847
100M1,R8,FastTreeDbl,local,59.4,0.034098682
100M1,R8,FastTreeDbl,local,50.3,0.034693123
100M1,R8,FastTreeDbl,bootstrap,54.0,0.012867847
100M1,R8,FastTreeDbl,bootstrap,48.0,0.034098682
100M1,R8,FastTreeDbl,bootstrap,54.0,0.000747445
100M1,R8,FastTreeDbl,bootstrap,56.99999999999999,0.038237874
100M1,R8,FastTreeDbl,bootstrap,71.0,0.061848092
100M1,R8,FastTreeDbl,bootstrap,61.0,0.034693123
100M1,R9,FastTree,local,22.0,0.01171
100M1,R9,FastTree,local,23.1,0.01879
100M1,R9,FastTree,local,0.0,0.00097
100M1,R9,FastTree,local,69.8,0.023
100M1,R9,FastTree,local,66.4,0.02348
100M1,R9,FastTree,local,61.0,0.01211
100M1,R9,FastTree,local,60.9,0.11374
100M1,R9,FastTree,local,39.5,0.00175
100M1,R9,FastTree,local,74.6,0.01966
100M1,R9,FastTree,local,69.19999999999999,0.00915
100M1,R9,FastTree,local,22.1,0.02493
100M1,R9,FastTreeDbl,local,22.0,0.011757969
100M1,R9,FastTreeDbl,local,23.3,0.018712901
100M1,R9,FastTreeDbl,local,5.5,0.000231334
100M1,R9,FastTreeDbl,local,66.3,0.023108875
100M1,R9,FastTreeDbl,local,65.5,0.023452262
100M1,R9,FastTreeDbl,local,59.0,0.012064303
100M1,R9,FastTreeDbl,local,61.199999999999996,0.113715939
100M1,R9,FastTreeDbl,local,0.0,5e-09
100M1,R9,FastTreeDbl,local,74.3,0.019683447
100M1,R9,FastTreeDbl,local,67.80000000000001,0.009145812
100M1,R9,FastTreeDbl,local,22.3,0.024869338
100M1,R9,FastTreeDbl,bootstrap,13.0,0.011757969
100M1,R9,FastTreeDbl,bootstrap,56.00000000000001,0.018712901
100M1,R9,FastTreeDbl,bootstrap,53.0,0.000231334
100M1,R9,FastTreeDbl,bootstrap,57.99999999999999,0.023108875
100M1,R9,FastTreeDbl,bootstrap,31.0,0.023452262
100M1,R9,FastTreeDbl,bootstrap,12.0,0.012064303
100M1,R9,FastTreeDbl,bootstrap,92.0,0.019683447
100M1,R9,FastTreeDbl,bootstrap,30.0,0.024869338
100M1,R9,FastTreeDbl,bootstrap,46.0,0.009145812
100M1,R9,FastTreeDbl,bootstrap,12.0,5e-09
100M1,R9,FastTreeDbl,bootstrap,33.0,0.113715939
100M1,R10,FastTree,local,33.800000000000004,0.0118
100M1,R10,FastTree,local,83.7,0.02139
100M1,R10,FastTree,local,0.0,0.0012
100M1,R10,FastTree,local,31.6,0.01794
100M1,R10,FastTree,local,76.9,0.02661
100M1,R10,FastTree,local,0.0,0.00092
100M1,R10,FastTree,local,68.2,0.0224
100M1,R10,FastTree,local,18.3,0.01875
100M1,R10,FastTree,local,32.9,0.0897
100M1,R10,FastTree,local,74.9,0.05555
100M1,R10,FastTree,local,20.9,0.03089
100M1,R10,FastTree,local,26.3,0.0484
100M1,R10,FastTree,local,70.7,0.02058
100M1,R10,FastTreeDbl,local,34.300000000000004,0.011814799
100M1,R10,FastTreeDbl,local,84.0,0.021426573
100M1,R10,FastTreeDbl,local,0.0,1.3e-08
100M1,R10,FastTreeDbl,local,33.1,0.017935273
100M1,R10,FastTreeDbl,local,75.9,0.026574191
100M1,R10,FastTreeDbl,local,0.0,9e-09
100M1,R10,FastTreeDbl,local,65.4,0.023415356
100M1,R10,FastTreeDbl,local,17.8,0.018720615
100M1,R10,FastTreeDbl,local,32.800000000000004,0.089768434
100M1,R10,FastTreeDbl,local,74.8,0.05555934
100M1,R10,FastTreeDbl,local,21.099999999999998,0.030950656
100M1,R10,FastTreeDbl,local,26.0,0.048425201
100M1,R10,FastTreeDbl,local,71.1,0.020650673
100M1,R10,FastTreeDbl,bootstrap,42.0,0.011814799
100M1,R10,FastTreeDbl,bootstrap,51.0,0.021426573
100M1,R10,FastTreeDbl,bootstrap,34.0,1.3e-08
100M1,R10,FastTreeDbl,bootstrap,55.00000000000001,0.017935273
100M1,R10,FastTreeDbl,bootstrap,62.0,0.026574191
100M1,R10,FastTreeDbl,bootstrap,11.0,9e-09
100M1,R10,FastTreeDbl,bootstrap,18.0,0.023415356
100M1,R10,FastTreeDbl,bootstrap,52.0,0.018720615
100M1,R10,FastTreeDbl,bootstrap,45.0,0.089768434
100M1,R10,FastTreeDbl,bootstrap,30.0,0.030950656
100M1,R10,FastTreeDbl,bootstrap,30.0,0.048425201
100M1,R10,FastTreeDbl,bootstrap,42.0,0.020650673
100M1,R10,FastTreeDbl,bootstrap,34.0,0.05555934
100M1,R11,FastTree,local,40.2,0.01133
100M1,R11,FastTree,local,10.6,0.03054
100M1,R11,FastTree,local,21.6,0.00749
100M1,R11,FastTree,local,85.7,0.04003
100M1,R11,FastTree,local,20.1,0.00356
100M1,R11,FastTree,local,71.5,0.15451
100M1,R11,FastTree,local,82.69999999999999,0.06868
100M1,R11,FastTree,local,83.39999999999999,0.02355
100M1,R11,FastTree,local,58.699999999999996,0.00336
100M1,R11,FastTreeDbl,local,40.1,0.011374673
100M1,R11,FastTreeDbl,local,11.0,0.030501456
100M1,R11,FastTreeDbl,local,13.900000000000002,0.007373293
100M1,R11,FastTreeDbl,local,85.39999999999999,0.04013604
100M1,R11,FastTreeDbl,local,36.8,0.003094648
100M1,R11,FastTreeDbl,local,0.0,9e-09
100M1,R11,FastTreeDbl,local,71.39999999999999,0.154527889
100M1,R11,FastTreeDbl,local,82.39999999999999,0.068609749
100M1,R11,FastTreeDbl,local,83.39999999999999,0.023579987
100M1,R11,FastTreeDbl,local,62.9,0.003222833
100M1,R11,FastTreeDbl,bootstrap,46.0,0.04013604
100M1,R11,FastTreeDbl,bootstrap,28.000000000000004,0.003094648
100M1,R11,FastTreeDbl,bootstrap,37.0,9e-09
100M1,R11,FastTreeDbl,bootstrap,68.0,0.154527889
100M1,R11,FastTreeDbl,bootstrap,51.0,0.023579987
100M1,R11,FastTreeDbl,bootstrap,55.00000000000001,0.003222833
100M1,R11,FastTreeDbl,bootstrap,39.0,0.011374673
100M1,R11,FastTreeDbl,bootstrap,36.0,0.030501456
100M1,R11,FastTreeDbl,bootstrap,21.0,0.007373293
100M1,R11,FastTreeDbl,bootstrap,24.0,0.068609749
100M1,R12,FastTree,local,76.9,0.02511
100M1,R12,FastTree,local,81.69999999999999,0.05934
100M1,R12,FastTree,local,0.0,0.00051
100M1,R12,FastTree,local,16.3,0.05267
100M1,R12,FastTree,local,58.4,0.00622
100M1,R12,FastTree,local,66.5,0.00962
100M1,R12,FastTreeDbl,local,76.9,0.025168519
100M1,R12,FastTreeDbl,local,82.39999999999999,0.059373407
100M1,R12,FastTreeDbl,local,0.0,6e-09
100M1,R12,FastTreeDbl,local,17.2,0.052711183
100M1,R12,FastTreeDbl,local,62.9,0.006246514
100M1,R12,FastTreeDbl,local,63.9,0.009620645
100M1,R12,FastTreeDbl,bootstrap,79.0,0.059373407
100M1,R12,FastTreeDbl,bootstrap,34.0,6e-09
100M1,R12,FastTreeDbl,bootstrap,53.0,0.052711183
100M1,R12,FastTreeDbl,bootstrap,46.0,0.006246514
100M1,R12,FastTreeDbl,bootstrap,57.99999999999999,0.009620645
100M1,R12,FastTreeDbl,bootstrap,81.0,0.025168519
100M1,R13,FastTree,local,78.5,0.05416
100M1,R13,FastTree,local,32.5,0.01329
100M1,R13,FastTree,local,14.799999999999999,0.00054
100M1,R13,FastTree,local,70.7,0.06042
100M1,R13,FastTree,local,87.9,0.12667
100M1,R13,FastTree,local,42.6,0.05345
100M1,R13,FastTree,local,32.6,0.01698
100M1,R13,FastTree,local,31.3,0.01387
100M1,R13,FastTree,local,58.199999999999996,0.00643
100M1,R13,FastTreeDbl,local,78.60000000000001,0.054351398
100M1,R13,FastTreeDbl,local,28.000000000000004,0.013304608
100M1,R13,FastTreeDbl,local,73.7,0.060666796
100M1,R13,FastTreeDbl,local,87.9,0.126794898
100M1,R13,FastTreeDbl,local,42.5,0.053565053
100M1,R13,FastTreeDbl,local,32.5,0.016908769
100M1,R13,FastTreeDbl,local,31.2,0.013912814
100M1,R13,FastTreeDbl,local,46.800000000000004,0.006375857
100M1,R13,FastTreeDbl,bootstrap,59.0,0.054351398
100M1,R13,FastTreeDbl,bootstrap,46.0,0.013304608
100M1,R13,FastTreeDbl,bootstrap,40.0,0.060666796
100M1,R13,FastTreeDbl,bootstrap,46.0,0.126794898
100M1,R13,FastTreeDbl,bootstrap,32.0,0.053565053
100M1,R13,FastTreeDbl,bootstrap,18.0,0.016908769
100M1,R13,FastTreeDbl,bootstrap,54.0,0.013912814
100M1,R13,FastTreeDbl,bootstrap,27.0,0.006375857
100M1,R14,FastTree,local,26.200000000000003,0.04602
100M1,R14,FastTree,local,70.0,0.01492
100M1,R14,FastTree,local,25.900000000000002,0.02467
100M1,R14,FastTree,local,81.39999999999999,0.06562
100M1,R14,FastTree,local,69.69999999999999,0.0217
100M1,R14,FastTree,local,33.5,0.02194
100M1,R14,FastTreeDbl,local,26.0,0.046011127
100M1,R14,FastTreeDbl,local,67.5,0.014929272
100M1,R14,FastTreeDbl,local,28.299999999999997,0.024692726
100M1,R14,FastTreeDbl,local,80.80000000000001,0.06561041
100M1,R14,FastTreeDbl,local,69.6,0.021715064
100M1,R14,FastTreeDbl,local,34.2,0.021929913
100M1,R14,FastTreeDbl,bootstrap,82.0,0.014929272
100M1,R14,FastTreeDbl,bootstrap,50.0,0.046011127
100M1,R14,FastTreeDbl,bootstrap,91.0,0.06561041
100M1,R14,FastTreeDbl,bootstrap,49.0,0.021715064
100M1,R14,FastTreeDbl,bootstrap,32.0,0.021929913
100M1,R14,FastTreeDbl,bootstrap,41.0,0.024692726
100M1,R15,FastTree,local,12.0,0.00176
100M1,R15,FastTree,local,1.4000000000000001,0.00094
100M1,R15,FastTree,local,46.6,0.03147
100M1,R15,FastTree,local,47.8,0.01056
100M1,R15,FastTree,local,78.3,0.08669
100M1,R15,FastTree,local,33.0,0.02168
100M1,R15,FastTree,local,25.5,0.1068
100M1,R15,FastTree,local,32.6,0.03133
100M1,R15,FastTree,local,83.39999999999999,0.08543
100M1,R15,FastTreeDbl,local,0.0,2.4e-08
100M1,R15,FastTreeDbl,local,2.5,1.3e-08
100M1,R15,FastTreeDbl,local,46.7,0.031537189
100M1,R15,FastTreeDbl,local,48.3,0.010404469
100M1,R15,FastTreeDbl,local,78.2,0.086677336
100M1,R15,FastTreeDbl,local,33.1,0.02169839
100M1,R15,FastTreeDbl,local,25.5,0.106926101
100M1,R15,FastTreeDbl,local,32.5,0.031287076
100M1,R15,FastTreeDbl,local,83.3,0.085432424
100M1,R15,FastTreeDbl,bootstrap,36.0,1.3e-08
100M1,R15,FastTreeDbl,bootstrap,46.0,0.031537189
100M1,R15,FastTreeDbl,bootstrap,75.0,0.010404469
100M1,R15,FastTreeDbl,bootstrap,52.0,0.086677336
100M1,R15,FastTreeDbl,bootstrap,53.0,0.02169839
100M1,R15,FastTreeDbl,bootstrap,38.0,0.106926101
100M1,R15,FastTreeDbl,bootstrap,46.0,2.4e-08
100M1,R15,FastTreeDbl,bootstrap,69.0,0.085432424
100M1,R15,FastTreeDbl,bootstrap,22.0,0.031287076
100M1,R16,FastTree,local,27.1,0.00238
100M1,R16,FastTree,local,54.50000000000001,0.0213
100M1,R16,FastTree,local,94.89999999999999,0.1315
100M1,R16,FastTree,local,82.1,0.01411
100M1,R16,FastTree,local,72.39999999999999,0.01795
100M1,R16,FastTree,local,82.89999999999999,0.02437
100M1,R16,FastTree,local,14.299999999999999,0.00176
100M1,R16,FastTree,local,5.1,0.02734
100M1,R16,FastTree,local,31.3,0.01043
100M1,R16,FastTree,local,20.5,0.03164
100M1,R16,FastTree,local,32.300000000000004,0.0443
100M1,R16,FastTree,local,58.3,0.06432
100M1,R16,FastTreeDbl,local,31.0,0.002049284
100M1,R16,FastTreeDbl,local,53.7,0.021718683
100M1,R16,FastTreeDbl,local,94.6,0.130288194
100M1,R16,FastTreeDbl,local,82.1,0.014113449
100M1,R16,FastTreeDbl,local,71.0,0.016746932
100M1,R16,FastTreeDbl,local,83.0,0.024304114
100M1,R16,FastTreeDbl,local,0.0,2.4e-08
100M1,R16,FastTreeDbl,local,1.2,0.025342019
100M1,R16,FastTreeDbl,local,37.8,0.010552254
100M1,R16,FastTreeDbl,local,22.3,0.032485941
100M1,R16,FastTreeDbl,local,32.5,0.044074442
100M1,R16,FastTreeDbl,local,57.99999999999999,0.064658446
100M1,R16,FastTreeDbl,bootstrap,56.00000000000001,0.010552254
100M1,R16,FastTreeDbl,bootstrap,28.000000000000004,0.032485941
100M1,R16,FastTreeDbl,bootstrap,57.99999999999999,0.044074442
100M1,R16,FastTreeDbl,bootstrap,52.0,2.4e-08
100M1,R16,FastTreeDbl,bootstrap,41.0,0.025342019
100M1,R16,FastTreeDbl,bootstrap,57.99999999999999,0.002049284
100M1,R16,FastTreeDbl,bootstrap,20.0,0.021718683
100M1,R16,FastTreeDbl,bootstrap,36.0,0.130288194
100M1,R16,FastTreeDbl,bootstrap,92.0,0.014113449
100M1,R16,FastTreeDbl,bootstrap,80.0,0.016746932
100M1,R16,FastTreeDbl,bootstrap,80.0,0.024304114
100M1,R16,FastTreeDbl,bootstrap,30.0,0.064658446
100M1,R17,FastTree,local,52.2,0.02262
100M1,R17,FastTree,local,79.3,0.05366
100M1,R17,FastTree,local,14.399999999999999,0.00054
100M1,R17,FastTree,local,50.7,0.03702
100M1,R17,FastTree,local,0.0,0.00066
100M1,R17,FastTree,local,0.0,0.00201
100M1,R17,FastTree,local,34.8,0.00234
100M1,R17,FastTreeDbl,local,78.7,0.053652046
100M1,R17,FastTreeDbl,local,12.3,5e-09
100M1,R17,FastTreeDbl,local,51.5,0.037105009
100M1,R17,FastTreeDbl,local,0.0,1.2e-08
100M1,R17,FastTreeDbl,local,50.3,0.00275221
100M1,R17,FastTreeDbl,local,0.0,0.001520683
100M1,R17,FastTreeDbl,local,51.1,0.022429647
100M1,R17,FastTreeDbl,local,0.0,5e-09
100M1,R17,FastTreeDbl,bootstrap,36.0,5e-09
100M1,R17,FastTreeDbl,bootstrap,46.0,0.037105009
100M1,R17,FastTreeDbl,bootstrap,11.0,1.2e-08
100M1,R17,FastTreeDbl,bootstrap,16.0,0.00275221
100M1,R17,FastTreeDbl,bootstrap,45.0,0.001520683
100M1,R17,FastTreeDbl,bootstrap,72.0,0.053652046
100M1,R17,FastTreeDbl,bootstrap,61.0,0.022429647
100M1,R17,FastTreeDbl,bootstrap,17.0,5e-09
100M1,R18,FastTree,local,39.0,0.09205
100M1,R18,FastTree,local,23.799999999999997,0.0234
100M1,R18,FastTree,local,76.7,0.00669
100M1,R18,FastTree,local,43.3,0.00091
100M1,R18,FastTree,local,76.7,0.0206
100M1,R18,FastTree,local,64.7,0.038
100M1,R18,FastTree,local,78.4,0.0189
100M1,R18,FastTree,local,83.2,0.02405
100M1,R18,FastTree,local,67.4,0.03785
100M1,R18,FastTree,local,14.7,0.04652
100M1,R18,FastTree,local,67.7,0.02341
100M1,R18,FastTree,local,47.699999999999996,0.01951
100M1,R18,FastTreeDbl,local,39.2,0.091994063
100M1,R18,FastTreeDbl,local,23.200000000000003,0.023372168
100M1,R18,FastTreeDbl,local,72.7,0.006695648
100M1,R18,FastTreeDbl,local,29.799999999999997,1.2e-08
100M1,R18,FastTreeDbl,local,75.9,0.020629469
100M1,R18,FastTreeDbl,local,64.9,0.038066205
100M1,R18,FastTreeDbl,local,77.0,0.018934
100M1,R18,FastTreeDbl,local,83.2,0.024051715
100M1,R18,FastTreeDbl,local,67.60000000000001,0.037868788
100M1,R18,FastTreeDbl,local,14.499999999999998,0.046565929
100M1,R18,FastTreeDbl,local,66.4,0.023325462
100M1,R18,FastTreeDbl,local,45.5,0.019504212
100M1,R18,FastTreeDbl,bootstrap,88.0,0.006695648
100M1,R18,FastTreeDbl,bootstrap,70.0,1.2e-08
100M1,R18,FastTreeDbl,bootstrap,57.99999999999999,0.020629469
100M1,R18,FastTreeDbl,bootstrap,62.0,0.038066205
100M1,R18,FastTreeDbl,bootstrap,80.0,0.018934
100M1,R18,FastTreeDbl,bootstrap,57.99999999999999,0.024051715
100M1,R18,FastTreeDbl,bootstrap,54.0,0.037868788
100M1,R18,FastTreeDbl,bootstrap,41.0,0.046565929
100M1,R18,FastTreeDbl,bootstrap,32.0,0.023325462
100M1,R18,FastTreeDbl,bootstrap,14.000000000000002,0.019504212
100M1,R18,FastTreeDbl,bootstrap,15.0,0.023372168
100M1,R18,FastTreeDbl,bootstrap,15.0,0.091994063
100M1,R19,FastTree,local,71.6,0.03847
100M1,R19,FastTree,local,63.2,0.01818
100M1,R19,FastTree,local,0.0,0.00094
100M1,R19,FastTree,local,63.7,0.0152
100M1,R19,FastTree,local,32.0,0.0026
100M1,R19,FastTree,local,81.6,0.08968
100M1,R19,FastTree,local,42.699999999999996,0.05259
100M1,R19,FastTreeDbl,local,71.39999999999999,0.038460865
100M1,R19,FastTreeDbl,local,55.60000000000001,0.018162843
100M1,R19,FastTreeDbl,local,0.0,5e-09
100M1,R19,FastTreeDbl,local,62.5,0.015372585
100M1,R19,FastTreeDbl,local,2.4,0.000761007
100M1,R19,FastTreeDbl,local,81.6,0.090609179
100M1,R19,FastTreeDbl,local,42.8,0.052631099
100M1,R19,FastTreeDbl,bootstrap,18.0,5e-09
100M1,R19,FastTreeDbl,bootstrap,75.0,0.038460865
100M1,R19,FastTreeDbl,bootstrap,75.0,0.018162843
100M1,R19,FastTreeDbl,bootstrap,59.0,0.000761007
100M1,R19,FastTreeDbl,bootstrap,56.00000000000001,0.090609179
100M1,R19,FastTreeDbl,bootstrap,45.0,0.052631099
100M1,R19,FastTreeDbl,bootstrap,34.0,0.015372585
100M2,R0,FastTree,local,57.099999999999994,0.00868
100M2,R0,FastTree,local,38.800000000000004,0.00107
100M2,R0,FastTree,local,6.9,0.00054
100M2,R0,FastTree,local,52.0,0.0128
100M2,R0,FastTree,local,69.0,0.0213
100M2,R0,FastTree,local,2.9000000000000004,0.00055
100M2,R0,FastTreeDbl,local,39.0,0.001070989
100M2,R0,FastTreeDbl,local,51.1,0.012779627
100M2,R0,FastTreeDbl,local,69.5,0.021325597
100M2,R0,FastTreeDbl,local,52.1,0.008993719
100M2,R0,FastTreeDbl,local,0.0,5e-09
100M2,R0,FastTreeDbl,bootstrap,46.0,0.001070989
100M2,R0,FastTreeDbl,bootstrap,56.99999999999999,0.012779627
100M2,R0,FastTreeDbl,bootstrap,38.0,0.021325597
100M2,R0,FastTreeDbl,bootstrap,60.0,0.008993719
100M2,R0,FastTreeDbl,bootstrap,30.0,5e-09
100M2,R1,FastTree,local,40.6,0.00657
100M2,R1,FastTree,local,69.19999999999999,0.00465
100M2,R1,FastTree,local,34.1,0.04787
100M2,R1,FastTree,local,16.1,0.00307
100M2,R1,FastTree,local,86.6,0.00054
100M2,R1,FastTree,local,16.1,0.00067
100M2,R1,FastTree,local,13.8,0.0205
100M2,R1,FastTree,local,8.6,0.00171
100M2,R1,FastTree,local,76.1,0.0071
100M2,R1,FastTreeDbl,local,41.099999999999994,0.006574954
100M2,R1,FastTreeDbl,local,68.60000000000001,0.004658037
100M2,R1,FastTreeDbl,local,34.5,0.047780113
100M2,R1,FastTreeDbl,local,16.400000000000002,0.003137813
100M2,R1,FastTreeDbl,local,0.8,5e-09
100M2,R1,FastTreeDbl,local,15.9,7e-09
100M2,R1,FastTreeDbl,local,13.3,0.020367281
100M2,R1,FastTreeDbl,local,18.0,0.001106017
100M2,R1,FastTreeDbl,local,76.5,0.007112578
100M2,R1,FastTreeDbl,bootstrap,42.0,0.004658037
100M2,R1,FastTreeDbl,bootstrap,53.0,0.047780113
100M2,R1,FastTreeDbl,bootstrap,55.00000000000001,0.003137813
100M2,R1,FastTreeDbl,bootstrap,82.0,5e-09
100M2,R1,FastTreeDbl,bootstrap,37.0,7e-09
100M2,R1,FastTreeDbl,bootstrap,53.0,0.020367281
100M2,R1,FastTreeDbl,bootstrap,60.0,0.006574954
100M2,R1,FastTreeDbl,bootstrap,65.0,0.007112578
100M2,R1,FastTreeDbl,bootstrap,54.0,0.001106017
100M2,R2,FastTree,local,71.89999999999999,0.00125
100M2,R2,FastTree,local,20.9,0.00093
100M2,R2,FastTree,local,72.6,0.00872
100M2,R2,FastTree,local,87.7,0.01283
100M2,R2,FastTree,local,73.4,0.0057
100M2,R2,FastTree,local,21.9,0.00093
100M2,R2,FastTree,local,0.7000000000000001,0.00491
100M2,R2,FastTree,local,4.3,0.00573
100M2,R2,FastTreeDbl,local,69.8,0.001210084
100M2,R2,FastTreeDbl,local,70.3,0.015332434
100M2,R2,FastTreeDbl,local,0.0,5e-09
100M2,R2,FastTreeDbl,local,87.8,0.01284792
100M2,R2,FastTreeDbl,local,72.1,0.005745329
100M2,R2,FastTreeDbl,local,25.3,9e-09
100M2,R2,FastTreeDbl,local,0.8999999999999999,0.004877748
100M2,R2,FastTreeDbl,local,1.7000000000000002,0.005247713
100M2,R2,FastTreeDbl,bootstrap,22.0,0.015332434
100M2,R2,FastTreeDbl,bootstrap,6.0,5e-09
100M2,R2,FastTreeDbl,bootstrap,88.0,0.01284792
100M2,R2,FastTreeDbl,bootstrap,42.0,0.005745329
100M2,R2,FastTreeDbl,bootstrap,69.0,9e-09
100M2,R2,FastTreeDbl,bootstrap,45.0,0.004877748
100M2,R2,FastTreeDbl,bootstrap,69.0,0.001210084
100M2,R2,FastTreeDbl,bootstrap,17.0,0.005247713
100M2,R3,FastTree,local,1.4000000000000001,0.0041
100M2,R3,FastTree,local,28.499999999999996,0.00054
100M2,R3,FastTree,local,58.4,0.01844
100M2,R3,FastTree,local,61.3,0.00269
100M2,R3,FastTreeDbl,local,1.5,0.004121795
100M2,R3,FastTreeDbl,local,31.5,5e-09
100M2,R3,FastTreeDbl,local,54.1,0.018394666
100M2,R3,FastTreeDbl,local,66.8,0.002663014
100M2,R3,FastTreeDbl,bootstrap,54.0,5e-09
100M2,R3,FastTreeDbl,bootstrap,63.0,0.018394666
100M2,R3,FastTreeDbl,bootstrap,45.0,0.004121795
100M2,R3,FastTreeDbl,bootstrap,53.0,0.002663014
100M2,R4,FastTree,local,47.599999999999994,0.00763
100M2,R4,FastTree,local,60.4,0.00547
100M2,R4,FastTree,local,79.9,0.08606
100M2,R4,FastTree,local,32.4,0.04836
100M2,R4,FastTree,local,30.9,0.01672
100M2,R4,FastTree,local,42.199999999999996,0.02602
100M2,R4,FastTree,local,36.5,0.01285
100M2,R4,FastTreeDbl,local,51.5,0.007644833
100M2,R4,FastTreeDbl,local,58.5,0.00554797
100M2,R4,FastTreeDbl,local,80.0,0.085920409
100M2,R4,FastTreeDbl,local,33.1,0.04826653
100M2,R4,FastTreeDbl,local,31.7,0.016730922
100M2,R4,FastTreeDbl,local,42.5,0.025956446
100M2,R4,FastTreeDbl,local,36.8,0.012901025
100M2,R4,FastTreeDbl,bootstrap,56.99999999999999,0.00554797
100M2,R4,FastTreeDbl,bootstrap,56.00000000000001,0.085920409
100M2,R4,FastTreeDbl,bootstrap,33.0,0.007644833
100M2,R4,FastTreeDbl,bootstrap,52.0,0.025956446
100M2,R4,FastTreeDbl,bootstrap,33.0,0.012901025
100M2,R4,FastTreeDbl,bootstrap,13.0,0.016730922
100M2,R4,FastTreeDbl,bootstrap,11.0,0.04826653
100M2,R5,FastTree,local,83.1,0.0129
100M2,R5,FastTree,local,25.900000000000002,0.00668
100M2,R5,FastTree,local,82.6,0.02845
100M2,R5,FastTree,local,38.2,0.00845
100M2,R5,FastTree,local,69.5,0.00939
100M2,R5,FastTree,local,75.7,0.01984
100M2,R5,FastTree,local,34.5,0.00739
100M2,R5,FastTreeDbl,local,82.5,0.012938068
100M2,R5,FastTreeDbl,local,25.6,0.006671584
100M2,R5,FastTreeDbl,local,82.5,0.028424798
100M2,R5,FastTreeDbl,local,46.7,0.008444271
100M2,R5,FastTreeDbl,local,68.7,0.009390279
100M2,R5,FastTreeDbl,local,74.7,0.019831792
100M2,R5,FastTreeDbl,local,46.5,0.007390198
100M2,R5,FastTreeDbl,bootstrap,94.0,0.012938068
100M2,R5,FastTreeDbl,bootstrap,59.0,0.006671584
100M2,R5,FastTreeDbl,bootstrap,92.0,0.028424798
100M2,R5,FastTreeDbl,bootstrap,56.00000000000001,0.008444271
100M2,R5,FastTreeDbl,bootstrap,66.0,0.009390279
100M2,R5,FastTreeDbl,bootstrap,70.0,0.019831792
100M2,R5,FastTreeDbl,bootstrap,25.0,0.007390198
100M2,R6,FastTree,local,69.69999999999999,0.02079
100M2,R6,FastTree,local,38.1,0.03166
100M2,R6,FastTree,local,14.899999999999999,0.01921
100M2,R6,FastTree,local,57.099999999999994,0.00382
100M2,R6,FastTree,local,45.2,0.00085
100M2,R6,FastTree,local,76.2,0.01217
100M2,R6,FastTreeDbl,local,68.60000000000001,0.020789473
100M2,R6,FastTreeDbl,local,38.0,0.031703052
100M2,R6,FastTreeDbl,local,15.7,0.019182112
100M2,R6,FastTreeDbl,local,64.8,0.003791027
100M2,R6,FastTreeDbl,local,0.0,5e-09
100M2,R6,FastTreeDbl,local,26.1,0.012227068
100M2,R6,FastTreeDbl,bootstrap,49.0,0.019182112
100M2,R6,FastTreeDbl,bootstrap,57.99999999999999,0.003791027
100M2,R6,FastTreeDbl,bootstrap,45.0,0.020789473
100M2,R6,FastTreeDbl,bootstrap,36.0,0.031703052
100M2,R6,FastTreeDbl,bootstrap,52.0,0.012227068
100M2,R6,FastTreeDbl,bootstrap,15.0,5e-09
100M2,R7,FastTree,local,74.6,0.00722
100M2,R7,FastTree,local,18.0,0.0181
100M2,R7,FastTree,local,16.3,0.006
100M2,R7,FastTree,local,75.0,0.03622
100M2,R7,FastTree,local,3.5999999999999996,0.00794
100M2,R7,FastTree,local,68.7,0.00654
100M2,R7,FastTree,local,77.4,0.00857
100M2,R7,FastTree,local,69.3,0.01475
100M2,R7,FastTree,local,69.5,0.00447
100M2,R7,FastTree,local,15.6,0.00089
100M2,R7,FastTree,local,61.7,0.00466
100M2,R7,FastTree,local,53.800000000000004,0.00065
100M2,R7,FastTree,local,87.6,0.00089
100M2,R7,FastTreeDbl,local,66.2,0.002509506
100M2,R7,FastTreeDbl,local,17.1,0.005993517
100M2,R7,FastTreeDbl,local,75.4,0.036195018
100M2,R7,FastTreeDbl,local,3.2,0.007959795
100M2,R7,FastTreeDbl,local,66.9,0.006548272
100M2,R7,FastTreeDbl,local,77.4,0.008551739
100M2,R7,FastTreeDbl,local,68.4,0.014709672
100M2,R7,FastTreeDbl,local,66.2,0.004561995
100M2,R7,FastTreeDbl,local,16.8,1.7e-08
100M2,R7,FastTreeDbl,local,61.3,0.0046324
100M2,R7,FastTreeDbl,local,70.0,0.007188185
100M2,R7,FastTreeDbl,local,76.8,0.018102869
100M2,R7,FastTreeDbl,local,24.6,5e-09
100M2,R7,FastTreeDbl,bootstrap,50.0,0.007959795
100M2,R7,FastTreeDbl,bootstrap,57.99999999999999,0.006548272
100M2,R7,FastTreeDbl,bootstrap,56.99999999999999,0.008551739
100M2,R7,FastTreeDbl,bootstrap,68.0,0.014709672
100M2,R7,FastTreeDbl,bootstrap,41.0,0.004561995
100M2,R7,FastTreeDbl,bootstrap,32.0,1.7e-08
100M2,R7,FastTreeDbl,bootstrap,53.0,0.0046324
100M2,R7,FastTreeDbl,bootstrap,69.0,0.036195018
100M2,R7,FastTreeDbl,bootstrap,54.0,0.005993517
100M2,R7,FastTreeDbl,bootstrap,86.0,0.007188185
100M2,R7,FastTreeDbl,bootstrap,33.0,0.018102869
100M2,R7,FastTreeDbl,bootstrap,12.0,0.002509506
100M2,R7,FastTreeDbl,bootstrap,8.0,5e-09
100M2,R8,FastTree,local,76.3,0.01309
100M2,R8,FastTree,local,72.8,0.00311
100M2,R8,FastTree,local,53.800000000000004,0.00312
100M2,R8,FastTree,local,33.5,0.00095
100M2,R8,FastTree,local,63.1,0.02864
100M2,R8,FastTree,local,77.60000000000001,0.00996
100M2,R8,FastTree,local,49.8,0.00064
100M2,R8,FastTree,local,72.6,0.02595
100M2,R8,FastTree,local,34.8,0.0017
100M2,R8,FastTreeDbl,local,75.8,0.009675566
100M2,R8,FastTreeDbl,local,56.00000000000001,0.000379918
100M2,R8,FastTreeDbl,local,76.5,0.013117425
100M2,R8,FastTreeDbl,local,73.8,0.003093439
100M2,R8,FastTreeDbl,local,61.199999999999996,0.003102638
100M2,R8,FastTreeDbl,local,59.699999999999996,0.000841284
100M2,R8,FastTreeDbl,local,0.0,9e-09
100M2,R8,FastTreeDbl,local,55.300000000000004,0.00027749
100M2,R8,FastTreeDbl,local,0.0,0.034073905
100M2,R8,FastTreeDbl,bootstrap,60.0,0.000841284
100M2,R8,FastTreeDbl,bootstrap,50.0,0.003102638
100M2,R8,FastTreeDbl,bootstrap,71.0,0.013117425
100M2,R8,FastTreeDbl,bootstrap,34.0,0.003093439
100M2,R8,FastTreeDbl,bootstrap,84.0,0.009675566
100M2,R8,FastTreeDbl,bootstrap,68.0,0.000379918
100M2,R8,FastTreeDbl,bootstrap,17.0,0.034073905
100M2,R8,FastTreeDbl,bootstrap,13.0,0.00027749
100M2,R8,FastTreeDbl,bootstrap,16.0,9e-09
100M2,R9,FastTree,local,72.39999999999999,0.00319
100M2,R9,FastTree,local,34.9,0.00642
100M2,R9,FastTree,local,4.0,0.00937
100M2,R9,FastTree,local,83.8,0.03466
100M2,R9,FastTree,local,14.799999999999999,0.01284
100M2,R9,FastTree,local,18.099999999999998,0.00052
100M2,R9,FastTreeDbl,local,70.89999999999999,0.003210949
100M2,R9,FastTreeDbl,local,35.3,0.006427711
100M2,R9,FastTreeDbl,local,4.1000000000000005,0.009376291
100M2,R9,FastTreeDbl,local,84.0,0.03465543
100M2,R9,FastTreeDbl,local,16.5,0.012820366
100M2,R9,FastTreeDbl,bootstrap,46.0,0.006427711
100M2,R9,FastTreeDbl,bootstrap,38.0,0.009376291
100M2,R9,FastTreeDbl,bootstrap,70.0,0.03465543
100M2,R9,FastTreeDbl,bootstrap,64.0,0.003210949
100M2,R9,FastTreeDbl,bootstrap,39.0,0.012820366
100M2,R10,FastTree,local,57.9,0.01076
100M2,R10,FastTree,local,80.2,0.00873
100M2,R10,FastTree,local,76.1,0.02224
100M2,R10,FastTree,local,48.199999999999996,0.01554
100M2,R10,FastTreeDbl,local,60.9,0.010777052
100M2,R10,FastTreeDbl,local,78.5,0.008736961
100M2,R10,FastTreeDbl,local,75.7,0.022258005
100M2,R10,FastTreeDbl,local,49.0,0.015551484
100M2,R10,FastTreeDbl,bootstrap,93.0,0.008736961
100M2,R10,FastTreeDbl,bootstrap,54.0,0.022258005
100M2,R10,FastTreeDbl,bootstrap,46.0,0.010777052
100M2,R10,FastTreeDbl,bootstrap,63.0,0.015551484
100M2,R11,FastTree,local,77.0,0.02824
100M2,R11,FastTree,local,46.300000000000004,0.01166
100M2,R11,FastTree,local,65.5,0.02659
100M2,R11,FastTree,local,44.0,0.01476
100M2,R11,FastTree,local,0.0,0.00054
100M2,R11,FastTree,local,10.9,0.006
100M2,R11,FastTree,local,55.00000000000001,0.01005
100M2,R11,FastTree,local,64.0,0.01557
100M2,R11,FastTree,local,51.2,0.02596
100M2,R11,FastTree,local,7.1,0.02516
100M2,R11,FastTreeDbl,local,76.4,0.028246632
100M2,R11,FastTreeDbl,local,49.9,0.011803157
100M2,R11,FastTreeDbl,local,65.8,0.026611643
100M2,R11,FastTreeDbl,local,55.2,0.014727311
100M2,R11,FastTreeDbl,local,0.0,6e-09
100M2,R11,FastTreeDbl,local,9.9,0.005980014
100M2,R11,FastTreeDbl,local,54.900000000000006,0.010075652
100M2,R11,FastTreeDbl,local,62.2,0.015506119
100M2,R11,FastTreeDbl,local,51.7,0.025917528
100M2,R11,FastTreeDbl,local,0.0,5e-09
100M2,R11,FastTreeDbl,local,7.5,0.025171972
100M2,R11,FastTreeDbl,bootstrap,75.0,0.026611643
100M2,R11,FastTreeDbl,bootstrap,52.0,0.011803157
100M2,R11,FastTreeDbl,bootstrap,50.0,0.005980014
100M2,R11,FastTreeDbl,bootstrap,48.0,0.010075652
100M2,R11,FastTreeDbl,bootstrap,56.99999999999999,0.015506119
100M2,R11,FastTreeDbl,bootstrap,42.0,0.025917528
100M2,R11,FastTreeDbl,bootstrap,20.0,5e-09
100M2,R11,FastTreeDbl,bootstrap,56.99999999999999,0.025171972
100M2,R11,FastTreeDbl,bootstrap,86.0,0.028246632
100M2,R11,FastTreeDbl,bootstrap,27.0,6e-09
100M2,R11,FastTreeDbl,bootstrap,49.0,0.014727311
100M2,R12,FastTree,local,13.100000000000001,0.01304
100M2,R12,FastTree,local,0.0,0.00055
100M2,R12,FastTree,local,68.5,0.034
100M2,R12,FastTree,local,35.199999999999996,0.00134
100M2,R12,FastTree,local,39.300000000000004,0.02219
100M2,R12,FastTree,local,86.5,0.01879
100M2,R12,FastTreeDbl,local,13.100000000000001,0.013038323
100M2,R12,FastTreeDbl,local,0.0,5e-09
100M2,R12,FastTreeDbl,local,68.60000000000001,0.034374483
100M2,R12,FastTreeDbl,local,33.0,3.2e-08
100M2,R12,FastTreeDbl,local,39.300000000000004,0.022132943
100M2,R12,FastTreeDbl,local,86.9,0.018784079
100M2,R12,FastTreeDbl,bootstrap,32.0,0.013038323
100M2,R12,FastTreeDbl,bootstrap,32.0,5e-09
100M2,R12,FastTreeDbl,bootstrap,74.0,0.034374483
100M2,R12,FastTreeDbl,bootstrap,53.0,0.022132943
100M2,R12,FastTreeDbl,bootstrap,48.0,0.018784079
100M2,R12,FastTreeDbl,bootstrap,51.0,3.2e-08
100M2,R13,FastTree,local,22.7,0.00211
100M2,R13,FastTree,local,29.7,0.0054
100M2,R13,FastTree,local,67.5,0.00351
100M2,R13,FastTree,local,46.5,0.05132
100M2,R13,FastTree,local,26.900000000000002,0.00544
100M2,R13,FastTreeDbl,local,24.4,0.002042667
100M2,R13,FastTreeDbl,local,31.0,0.005415456
100M2,R13,FastTreeDbl,local,60.699999999999996,0.003509899
100M2,R13,FastTreeDbl,local,45.9,0.051275302
100M2,R13,FastTreeDbl,local,26.8,0.005467578
100M2,R13,FastTreeDbl,bootstrap,46.0,0.005415456
100M2,R13,FastTreeDbl,bootstrap,78.0,0.003509899
100M2,R13,FastTreeDbl,bootstrap,47.0,0.002042667
100M2,R13,FastTreeDbl,bootstrap,54.0,0.005467578
100M2,R13,FastTreeDbl,bootstrap,46.0,0.051275302
100M2,R14,FastTree,local,77.0,0.01525
100M2,R14,FastTree,local,79.80000000000001,0.01593
100M2,R14,FastTree,local,68.2,0.00238
100M2,R14,FastTree,local,13.900000000000002,0.01988
100M2,R14,FastTreeDbl,local,77.0,0.015250838
100M2,R14,FastTreeDbl,local,79.80000000000001,0.015938724
100M2,R14,FastTreeDbl,local,63.2,0.002350391
100M2,R14,FastTreeDbl,local,13.0,0.019801782
100M2,R14,FastTreeDbl,bootstrap,64.0,0.015250838
100M2,R14,FastTreeDbl,bootstrap,78.0,0.015938724
100M2,R14,FastTreeDbl,bootstrap,72.0,0.002350391
100M2,R14,FastTreeDbl,bootstrap,42.0,0.019801782
100M2,R15,FastTree,local,70.8,0.00811
100M2,R15,FastTree,local,12.2,0.00738
100M2,R15,FastTree,local,70.7,0.0167
100M2,R15,FastTree,local,86.9,0.0354
100M2,R15,FastTreeDbl,local,70.5,0.008088642
100M2,R15,FastTreeDbl,local,12.8,0.00734115
100M2,R15,FastTreeDbl,local,71.0,0.016740476
100M2,R15,FastTreeDbl,local,86.4,0.035487295
100M2,R15,FastTreeDbl,bootstrap,61.0,0.008088642
100M2,R15,FastTreeDbl,bootstrap,28.999999999999996,0.00734115
100M2,R15,FastTreeDbl,bootstrap,100.0,0.035487295
100M2,R15,FastTreeDbl,bootstrap,64.0,0.016740476
100M2,R16,FastTree,local,78.4,0.00847
100M2,R16,FastTree,local,66.0,0.00971
100M2,R16,FastTree,local,27.800000000000004,0.00315
100M2,R16,FastTree,local,79.3,0.02647
100M2,R16,FastTree,local,15.8,0.00055
100M2,R16,FastTree,local,24.9,0.01551
100M2,R16,FastTree,local,24.5,0.00065
100M2,R16,FastTreeDbl,local,76.6,0.008471398
100M2,R16,FastTreeDbl,local,0.0,5e-09
100M2,R16,FastTreeDbl,local,0.0,5e-09
100M2,R16,FastTreeDbl,local,0.0,9e-09
100M2,R16,FastTreeDbl,local,61.6,0.009944409
100M2,R16,FastTreeDbl,local,55.900000000000006,0.003149909
100M2,R16,FastTreeDbl,local,79.2,0.026499783
100M2,R16,FastTreeDbl,local,20.0,5e-09
100M2,R16,FastTreeDbl,local,25.3,0.015601261
100M2,R16,FastTreeDbl,local,27.1,6e-09
100M2,R16,FastTreeDbl,bootstrap,3.0,5e-09
100M2,R16,FastTreeDbl,bootstrap,84.0,0.008471398
100M2,R16,FastTreeDbl,bootstrap,13.0,5e-09
100M2,R16,FastTreeDbl,bootstrap,16.0,0.003149909
100M2,R16,FastTreeDbl,bootstrap,74.0,0.026499783
100M2,R16,FastTreeDbl,bootstrap,42.0,5e-09
100M2,R16,FastTreeDbl,bootstrap,37.0,0.015601261
100M2,R16,FastTreeDbl,bootstrap,14.000000000000002,6e-09
100M2,R16,FastTreeDbl,bootstrap,28.999999999999996,0.009944409
100M2,R16,FastTreeDbl,bootstrap,33.0,9e-09
100M2,R17,FastTree,local,11.200000000000001,0.02041
100M2,R17,FastTree,local,46.800000000000004,0.01487
100M2,R17,FastTree,local,77.0,0.03978
100M2,R17,FastTree,local,74.3,0.01046
100M2,R17,FastTree,local,17.5,0.00122
100M2,R17,FastTree,local,0.0,0.00054
100M2,R17,FastTree,local,45.800000000000004,0.01387
100M2,R17,FastTreeDbl,local,11.0,0.02038846
100M2,R17,FastTreeDbl,local,47.0,0.014886577
100M2,R17,FastTreeDbl,local,76.8,0.039863417
100M2,R17,FastTreeDbl,local,73.6,0.011035522
100M2,R17,FastTreeDbl,local,0.0,2.3e-08
100M2,R17,FastTreeDbl,local,0.0,5e-09
100M2,R17,FastTreeDbl,local,37.9,0.014183807
100M2,R17,FastTreeDbl,bootstrap,66.0,0.039863417
100M2,R17,FastTreeDbl,bootstrap,45.0,0.02038846
100M2,R17,FastTreeDbl,bootstrap,59.0,0.014886577
100M2,R17,FastTreeDbl,bootstrap,39.0,5e-09
100M2,R17,FastTreeDbl,bootstrap,60.0,0.014183807
100M2,R17,FastTreeDbl,bootstrap,12.0,2.3e-08
100M2,R17,FastTreeDbl,bootstrap,11.0,0.011035522
100M2,R18,FastTree,local,83.0,0.00713
100M2,R18,FastTree,local,57.4,0.00552
100M2,R18,FastTree,local,74.2,0.03382
100M2,R18,FastTree,local,33.4,0.01258
100M2,R18,FastTree,local,64.7,0.00701
100M2,R18,FastTree,local,66.0,0.00684
100M2,R18,FastTreeDbl,local,82.39999999999999,0.007115418
100M2,R18,FastTreeDbl,local,57.699999999999996,0.005515008
100M2,R18,FastTreeDbl,local,74.1,0.033789197
100M2,R18,FastTreeDbl,local,33.2,0.012554031
100M2,R18,FastTreeDbl,local,62.2,0.007001446
100M2,R18,FastTreeDbl,local,64.7,0.00679704
100M2,R18,FastTreeDbl,bootstrap,81.0,0.007115418
100M2,R18,FastTreeDbl,bootstrap,57.99999999999999,0.005515008
100M2,R18,FastTreeDbl,bootstrap,35.0,0.033789197
100M2,R18,FastTreeDbl,bootstrap,45.0,0.012554031
100M2,R18,FastTreeDbl,bootstrap,56.99999999999999,0.007001446
100M2,R18,FastTreeDbl,bootstrap,57.99999999999999,0.00679704
100M2,R19,FastTree,local,49.3,0.00708
100M2,R19,FastTree,local,44.2,0.00928
100M2,R19,FastTree,local,46.5,0.00269
100M2,R19,FastTree,local,67.60000000000001,0.01172
100M2,R19,FastTree,local,25.8,0.00977
100M2,R19,FastTree,local,38.9,0.00396
100M2,R19,FastTree,local,29.299999999999997,0.01203
100M2,R19,FastTree,local,81.5,0.01312
100M2,R19,FastTree,local,26.5,0.0019
100M2,R19,FastTree,local,45.5,0.01012
100M2,R19,FastTreeDbl,local,49.0,0.007099815
100M2,R19,FastTreeDbl,local,44.800000000000004,0.00925293
100M2,R19,FastTreeDbl,local,61.7,0.002544298
100M2,R19,FastTreeDbl,local,65.5,0.011722211
100M2,R19,FastTreeDbl,local,25.1,0.009829726
100M2,R19,FastTreeDbl,local,40.300000000000004,0.003934378
100M2,R19,FastTreeDbl,local,28.299999999999997,0.012042095
100M2,R19,FastTreeDbl,local,80.9,0.013144119
100M2,R19,FastTreeDbl,local,57.9,0.001747084
100M2,R19,FastTreeDbl,local,45.300000000000004,0.010148761
100M2,R19,FastTreeDbl,bootstrap,52.0,0.002544298
100M2,R19,FastTreeDbl,bootstrap,19.0,0.011722211
100M2,R19,FastTreeDbl,bootstrap,21.0,0.009829726
100M2,R19,FastTreeDbl,bootstrap,50.0,0.003934378
100M2,R19,FastTreeDbl,bootstrap,44.0,0.012042095
100M2,R19,FastTreeDbl,bootstrap,67.0,0.013144119
100M2,R19,FastTreeDbl,bootstrap,50.0,0.007099815
100M2,R19,FastTreeDbl,bootstrap,49.0,0.00925293
100M2,R19,FastTreeDbl,bootstrap,40.0,0.001747084
100M2,R19,FastTreeDbl,bootstrap,55.00000000000001,0.010148761
100M3,R0,FastTree,local,66.8,0.00413
100M3,R0,FastTree,local,73.7,0.02795
100M3,R0,FastTree,local,70.3,0.0058
100M3,R0,FastTree,local,52.2,0.00605
100M3,R0,FastTree,local,23.0,0.0011
100M3,R0,FastTreeDbl,local,65.3,0.004140051
100M3,R0,FastTreeDbl,local,71.39999999999999,0.027937005
100M3,R0,FastTreeDbl,local,70.5,0.005832708
100M3,R0,FastTreeDbl,local,63.1,0.006031418
100M3,R0,FastTreeDbl,local,46.5,0.000680049
100M3,R0,FastTreeDbl,bootstrap,52.0,0.004140051
100M3,R0,FastTreeDbl,bootstrap,69.0,0.006031418
100M3,R0,FastTreeDbl,bootstrap,39.0,0.000680049
100M3,R0,FastTreeDbl,bootstrap,41.0,0.005832708
100M3,R0,FastTreeDbl,bootstrap,46.0,0.027937005
100M3,R1,FastTree,local,0.0,0.00054
100M3,R1,FastTree,local,82.5,0.00673
100M3,R1,FastTree,local,21.9,0.00173
100M3,R1,FastTree,local,41.5,0.0023
100M3,R1,FastTree,local,89.1,0.02569
100M3,R1,FastTree,local,87.1,0.04456
100M3,R1,FastTree,local,78.3,0.00638
100M3,R1,FastTreeDbl,local,0.0,5e-09
100M3,R1,FastTreeDbl,local,82.3,0.006785965
100M3,R1,FastTreeDbl,local,25.1,0.001729509
100M3,R1,FastTreeDbl,local,42.4,0.00233992
100M3,R1,FastTreeDbl,local,88.8,0.025665292
100M3,R1,FastTreeDbl,local,87.2,0.044555274
100M3,R1,FastTreeDbl,local,77.60000000000001,0.006388058
100M3,R1,FastTreeDbl,bootstrap,25.0,5e-09
100M3,R1,FastTreeDbl,bootstrap,55.00000000000001,0.006785965
100M3,R1,FastTreeDbl,bootstrap,47.0,0.001729509
100M3,R1,FastTreeDbl,bootstrap,54.0,0.00233992
100M3,R1,FastTreeDbl,bootstrap,87.0,0.025665292
100M3,R1,FastTreeDbl,bootstrap,38.0,0.044555274
100M3,R1,FastTreeDbl,bootstrap,71.0,0.006388058
100M3,R2,FastTree,local,81.8,0.01823
100M3,R2,FastTree,local,76.2,0.01275
100M3,R2,FastTree,local,1.2,0.00371
100M3,R2,FastTreeDbl,local,80.5,0.018294462
100M3,R2,FastTreeDbl,local,75.4,0.012752086
100M3,R2,FastTreeDbl,local,1.3,0.003726771
100M3,R2,FastTreeDbl,bootstrap,86.0,0.012752086
100M3,R2,FastTreeDbl,bootstrap,40.0,0.003726771
100M3,R2,FastTreeDbl,bootstrap,61.0,0.018294462
100M3,R3,FastTree,local,63.5,0.00482
100M3,R3,FastTree,local,75.1,0.01229
100M3,R3,FastTree,local,0.0,0.00067
100M3,R3,FastTree,local,49.8,0.00281
100M3,R3,FastTree,local,38.3,0.00867
100M3,R3,FastTree,local,19.2,0.00642
100M3,R3,FastTree,local,50.8,0.00812
100M3,R3,FastTree,local,66.0,0.00174
100M3,R3,FastTree,local,54.7,0.00786
100M3,R3,FastTreeDbl,local,59.9,0.004778792
100M3,R3,FastTreeDbl,local,75.7,0.012259179
100M3,R3,FastTreeDbl,local,2.9000000000000004,1.3e-08
100M3,R3,FastTreeDbl,local,61.8,0.002806075
100M3,R3,FastTreeDbl,local,38.1,0.008671032
100M3,R3,FastTreeDbl,local,19.0,0.006414706
100M3,R3,FastTreeDbl,local,51.4,0.008105685
100M3,R3,FastTreeDbl,local,49.1,0.00150012
100M3,R3,FastTreeDbl,local,60.3,0.007881418
100M3,R3,FastTreeDbl,bootstrap,73.0,0.004778792
100M3,R3,FastTreeDbl,bootstrap,56.00000000000001,0.012259179
100M3,R3,FastTreeDbl,bootstrap,38.0,1.3e-08
100M3,R3,FastTreeDbl,bootstrap,63.0,0.002806075
100M3,R3,FastTreeDbl,bootstrap,47.0,0.008671032
100M3,R3,FastTreeDbl,bootstrap,42.0,0.006414706
100M3,R3,FastTreeDbl,bootstrap,59.0,0.008105685
100M3,R3,FastTreeDbl,bootstrap,70.0,0.00150012
100M3,R3,FastTreeDbl,bootstrap,54.0,0.007881418
100M3,R4,FastTree,local,66.0,0.00721
100M3,R4,FastTree,local,0.0,0.00089
100M3,R4,FastTree,local,59.8,0.00055
100M3,R4,FastTree,local,34.8,0.0017
100M3,R4,FastTree,local,88.7,0.01713
100M3,R4,FastTree,local,73.4,0.00545
100M3,R4,FastTree,local,77.7,0.01468
100M3,R4,FastTree,local,65.10000000000001,0.00432
100M3,R4,FastTree,local,61.199999999999996,0.00583
100M3,R4,FastTree,local,0.1,0.00054
100M3,R4,FastTreeDbl,local,65.5,0.007232122
100M3,R4,FastTreeDbl,local,0.7000000000000001,1.2e-08
100M3,R4,FastTreeDbl,local,43.9,5e-09
100M3,R4,FastTreeDbl,local,56.3,0.001644893
100M3,R4,FastTreeDbl,local,88.7,0.017164174
100M3,R4,FastTreeDbl,local,69.19999999999999,0.005433481
100M3,R4,FastTreeDbl,local,77.7,0.014694792
100M3,R4,FastTreeDbl,local,62.3,0.00431507
100M3,R4,FastTreeDbl,local,66.4,0.00582706
100M3,R4,FastTreeDbl,local,1.4000000000000001,5e-09
100M3,R4,FastTreeDbl,bootstrap,56.00000000000001,0.001644893
100M3,R4,FastTreeDbl,bootstrap,86.0,0.017164174
100M3,R4,FastTreeDbl,bootstrap,64.0,0.005433481
100M3,R4,FastTreeDbl,bootstrap,55.00000000000001,0.014694792
100M3,R4,FastTreeDbl,bootstrap,21.0,1.2e-08
100M3,R4,FastTreeDbl,bootstrap,66.0,5e-09
100M3,R4,FastTreeDbl,bootstrap,70.0,0.007232122
100M3,R4,FastTreeDbl,bootstrap,77.0,0.00431507
100M3,R4,FastTreeDbl,bootstrap,56.99999999999999,0.00582706
100M3,R4,FastTreeDbl,bootstrap,47.0,5e-09
100M3,R5,FastTree,local,0.0,0.00054
100M3,R5,FastTree,local,17.599999999999998,0.00597
100M3,R5,FastTree,local,38.9,0.00168
100M3,R5,FastTree,local,86.1,0.01529
100M3,R5,FastTree,local,23.599999999999998,0.00402
100M3,R5,FastTree,local,73.7,0.00223
100M3,R5,FastTree,local,50.1,0.00401
100M3,R5,FastTree,local,35.4,0.00124
100M3,R5,FastTree,local,67.9,0.01244
100M3,R5,FastTree,local,11.899999999999999,0.00054
100M3,R5,FastTree,local,83.89999999999999,0.03265
100M3,R5,FastTree,local,83.7,0.05156
100M3,R5,FastTreeDbl,local,0.0,5e-09
100M3,R5,FastTreeDbl,local,17.5,0.00592835
100M3,R5,FastTreeDbl,local,38.1,1.7e-08
100M3,R5,FastTreeDbl,local,86.1,0.015313886
100M3,R5,FastTreeDbl,local,25.3,0.00405003
100M3,R5,FastTreeDbl,local,72.39999999999999,0.002227641
100M3,R5,FastTreeDbl,local,53.2,0.00419915
100M3,R5,FastTreeDbl,local,0.0,1.7e-08
100M3,R5,FastTreeDbl,local,68.4,0.012458675
100M3,R5,FastTreeDbl,local,0.0,5e-09
100M3,R5,FastTreeDbl,local,84.1,0.032534686
100M3,R5,FastTreeDbl,local,83.89999999999999,0.05158436
100M3,R5,FastTreeDbl,bootstrap,32.0,5e-09
100M3,R5,FastTreeDbl,bootstrap,61.0,0.00592835
100M3,R5,FastTreeDbl,bootstrap,49.0,1.7e-08
100M3,R5,FastTreeDbl,bootstrap,57.99999999999999,0.015313886
100M3,R5,FastTreeDbl,bootstrap,33.0,0.00405003
100M3,R5,FastTreeDbl,bootstrap,34.0,0.002227641
100M3,R5,FastTreeDbl,bootstrap,19.0,0.00419915
100M3,R5,FastTreeDbl,bootstrap,32.0,1.7e-08
100M3,R5,FastTreeDbl,bootstrap,67.0,0.012458675
100M3,R5,FastTreeDbl,bootstrap,59.0,5e-09
100M3,R5,FastTreeDbl,bootstrap,87.0,0.032534686
100M3,R5,FastTreeDbl,bootstrap,49.0,0.05158436
100M3,R6,FastTree,local,0.0,0.00054
100M3,R6,FastTree,local,77.2,0.01026
100M3,R6,FastTree,local,12.6,0.00191
100M3,R6,FastTree,local,20.4,0.0016
100M3,R6,FastTreeDbl,local,0.0,5e-09
100M3,R6,FastTreeDbl,local,77.5,0.0102699
100M3,R6,FastTreeDbl,local,15.8,0.001814697
100M3,R6,FastTreeDbl,local,21.2,0.001558899
100M3,R6,FastTreeDbl,bootstrap,41.0,0.001558899
100M3,R6,FastTreeDbl,bootstrap,40.0,0.001814697
100M3,R6,FastTreeDbl,bootstrap,76.0,0.0102699
100M3,R6,FastTreeDbl,bootstrap,35.0,5e-09
100M3,R7,FastTree,local,78.60000000000001,0.00055
100M3,R7,FastTree,local,70.6,0.00722
100M3,R7,FastTree,local,84.5,0.00677
100M3,R7,FastTree,local,73.3,0.00819
100M3,R7,FastTree,local,73.3,0.00559
100M3,R7,FastTree,local,76.8,0.00667
100M3,R7,FastTree,local,68.60000000000001,0.00577
100M3,R7,FastTree,local,68.10000000000001,0.00803
100M3,R7,FastTreeDbl,local,0.0,5e-09
100M3,R7,FastTreeDbl,local,68.2,0.007350887
100M3,R7,FastTreeDbl,local,84.7,0.006784343
100M3,R7,FastTreeDbl,local,70.89999999999999,0.008179107
100M3,R7,FastTreeDbl,local,71.89999999999999,0.005598887
100M3,R7,FastTreeDbl,local,77.10000000000001,0.006679798
100M3,R7,FastTreeDbl,local,63.800000000000004,0.005758969
100M3,R7,FastTreeDbl,local,68.0,0.008025863
100M3,R7,FastTreeDbl,bootstrap,49.0,5e-09
100M3,R7,FastTreeDbl,bootstrap,57.99999999999999,0.007350887
100M3,R7,FastTreeDbl,bootstrap,84.0,0.006784343
100M3,R7,FastTreeDbl,bootstrap,79.0,0.008179107
100M3,R7,FastTreeDbl,bootstrap,70.0,0.005598887
100M3,R7,FastTreeDbl,bootstrap,62.0,0.006679798
100M3,R7,FastTreeDbl,bootstrap,28.000000000000004,0.005758969
100M3,R7,FastTreeDbl,bootstrap,23.0,0.008025863
100M3,R8,FastTree,local,79.9,0.01139
100M3,R8,FastTree,local,3.4000000000000004,0.00754
100M3,R8,FastTree,local,43.0,0.00319
100M3,R8,FastTree,local,82.6,0.00765
100M3,R8,FastTree,local,74.0,0.00514
100M3,R8,FastTreeDbl,local,79.2,0.011405852
100M3,R8,FastTreeDbl,local,3.1,0.00754636
100M3,R8,FastTreeDbl,local,44.2,0.003183585
100M3,R8,FastTreeDbl,local,80.5,0.007659446
100M3,R8,FastTreeDbl,local,74.7,0.005132121
100M3,R8,FastTreeDbl,bootstrap,68.0,0.011405852
100M3,R8,FastTreeDbl,bootstrap,43.0,0.00754636
100M3,R8,FastTreeDbl,bootstrap,54.0,0.003183585
100M3,R8,FastTreeDbl,bootstrap,94.0,0.007659446
100M3,R8,FastTreeDbl,bootstrap,70.0,0.005132121
100M3,R9,FastTree,local,82.69999999999999,0.01653
100M3,R9,FastTree,local,9.9,0.00792
100M3,R9,FastTree,local,69.0,0.00377
100M3,R9,FastTree,local,0.0,0.00067
100M3,R9,FastTreeDbl,local,82.19999999999999,0.016495262
100M3,R9,FastTreeDbl,local,9.1,0.007939639
100M3,R9,FastTreeDbl,local,62.8,0.003769409
100M3,R9,FastTreeDbl,local,0.0,9e-09
100M3,R9,FastTreeDbl,bootstrap,42.0,0.007939639
100M3,R9,FastTreeDbl,bootstrap,70.0,0.003769409
100M3,R9,FastTreeDbl,bootstrap,95.0,0.016495262
100M3,R9,FastTreeDbl,bootstrap,45.0,9e-09
100M3,R10,FastTree,local,58.699999999999996,0.00054
100M3,R10,FastTree,local,43.3,0.00052
100M3,R10,FastTree,local,73.9,0.00803
100M3,R10,FastTree,local,15.2,0.00769
100M3,R10,FastTree,local,57.199999999999996,0.0037
100M3,R10,FastTreeDbl,local,56.39999999999999,6e-09
100M3,R10,FastTreeDbl,local,40.6,7e-09
100M3,R10,FastTreeDbl,local,72.3,0.008042642
100M3,R10,FastTreeDbl,local,14.499999999999998,0.007653975
100M3,R10,FastTreeDbl,local,60.099999999999994,0.003698015
100M3,R10,FastTreeDbl,bootstrap,71.0,7e-09
100M3,R10,FastTreeDbl,bootstrap,74.0,0.008042642
100M3,R10,FastTreeDbl,bootstrap,47.0,0.007653975
100M3,R10,FastTreeDbl,bootstrap,63.0,0.003698015
100M3,R10,FastTreeDbl,bootstrap,80.0,6e-09
100M3,R11,FastTree,local,56.3,0.00054
100M3,R11,FastTree,local,8.799999999999999,0.00055
100M3,R11,FastTree,local,77.4,0.0127
100M3,R11,FastTree,local,60.6,0.00603
100M3,R11,FastTree,local,67.30000000000001,0.00303
100M3,R11,FastTree,local,47.099999999999994,0.01243
100M3,R11,FastTree,local,36.8,0.00056
100M3,R11,FastTree,local,66.60000000000001,0.00216
100M3,R11,FastTreeDbl,local,48.9,5e-09
100M3,R11,FastTreeDbl,local,7.199999999999999,5e-09
100M3,R11,FastTreeDbl,local,77.60000000000001,0.012703791
100M3,R11,FastTreeDbl,local,59.099999999999994,0.006088607
100M3,R11,FastTreeDbl,local,68.30000000000001,0.003032829
100M3,R11,FastTreeDbl,local,51.0,0.012388687
100M3,R11,FastTreeDbl,local,8.200000000000001,0.000202357
100M3,R11,FastTreeDbl,local,65.2,0.002072047
100M3,R11,FastTreeDbl,bootstrap,28.000000000000004,0.006088607
100M3,R11,FastTreeDbl,bootstrap,22.0,0.003032829
100M3,R11,FastTreeDbl,bootstrap,33.0,0.012388687
100M3,R11,FastTreeDbl,bootstrap,85.0,0.012703791
100M3,R11,FastTreeDbl,bootstrap,51.0,0.000202357
100M3,R11,FastTreeDbl,bootstrap,41.0,5e-09
100M3,R11,FastTreeDbl,bootstrap,69.0,5e-09
100M3,R11,FastTreeDbl,bootstrap,53.0,0.002072047
100M3,R12,FastTree,local,70.1,0.00462
100M3,R12,FastTree,local,73.7,0.00161
100M3,R12,FastTree,local,73.3,0.01037
100M3,R12,FastTree,local,73.6,0.00231
100M3,R12,FastTree,local,75.8,0.00345
100M3,R12,FastTree,local,22.400000000000002,0.00123
100M3,R12,FastTree,local,4.8,0.00079
100M3,R12,FastTree,local,81.3,0.00861
100M3,R12,FastTree,local,74.1,0.00311
100M3,R12,FastTree,local,21.099999999999998,0.00155
100M3,R12,FastTree,local,55.7,0.01914
100M3,R12,FastTree,local,8.6,0.01573
100M3,R12,FastTreeDbl,local,70.7,0.002286667
100M3,R12,FastTreeDbl,local,75.0,0.003613501
100M3,R12,FastTreeDbl,local,23.599999999999998,0.001207834
100M3,R12,FastTreeDbl,local,12.1,0.000608116
100M3,R12,FastTreeDbl,local,78.8,0.008590094
100M3,R12,FastTreeDbl,local,71.1,0.003081024
100M3,R12,FastTreeDbl,local,38.7,0.001103252
100M3,R12,FastTreeDbl,local,42.1,0.018588586
100M3,R12,FastTreeDbl,local,0.0,5e-09
100M3,R12,FastTreeDbl,local,65.7,0.004654871
100M3,R12,FastTreeDbl,local,63.0,0.001480543
100M3,R12,FastTreeDbl,local,69.8,0.01033058
100M3,R12,FastTreeDbl,local,0.0,5e-09
100M3,R12,FastTreeDbl,local,31.1,0.011372753
100M3,R12,FastTreeDbl,bootstrap,39.0,0.004654871
100M3,R12,FastTreeDbl,bootstrap,43.0,0.001480543
100M3,R12,FastTreeDbl,bootstrap,49.0,0.01033058
100M3,R12,FastTreeDbl,bootstrap,26.0,0.002286667
100M3,R12,FastTreeDbl,bootstrap,23.0,0.003613501
100M3,R12,FastTreeDbl,bootstrap,43.0,0.001207834
100M3,R12,FastTreeDbl,bootstrap,37.0,0.000608116
100M3,R12,FastTreeDbl,bootstrap,65.0,0.008590094
100M3,R12,FastTreeDbl,bootstrap,52.0,0.003081024
100M3,R12,FastTreeDbl,bootstrap,16.0,0.001103252
100M3,R12,FastTreeDbl,bootstrap,38.0,0.018588586
100M3,R12,FastTreeDbl,bootstrap,19.0,0.011372753
100M3,R12,FastTreeDbl,bootstrap,3.0,5e-09
100M3,R12,FastTreeDbl,bootstrap,11.0,5e-09
100M3,R13,FastTree,local,44.5,0.00217
100M3,R13,FastTree,local,85.1,0.02539
100M3,R13,FastTree,local,0.0,0.00055
100M3,R13,FastTree,local,78.8,0.01345
100M3,R13,FastTreeDbl,local,49.0,0.0021388
100M3,R13,FastTreeDbl,local,84.8,0.025309563
100M3,R13,FastTreeDbl,local,5.5,5e-09
100M3,R13,FastTreeDbl,local,77.60000000000001,0.013482416
100M3,R13,FastTreeDbl,bootstrap,83.0,0.013482416
100M3,R13,FastTreeDbl,bootstrap,35.0,0.0021388
100M3,R13,FastTreeDbl,bootstrap,96.0,0.025309563
100M3,R13,FastTreeDbl,bootstrap,35.0,5e-09
100M3,R14,FastTree,local,76.7,0.00858
100M3,R14,FastTree,local,63.6,0.00143
100M3,R14,FastTree,local,72.5,0.00463
100M3,R14,FastTree,local,78.9,0.0042
100M3,R14,FastTree,local,8.200000000000001,0.00085
100M3,R14,FastTree,local,0.2,0.00171
100M3,R14,FastTreeDbl,local,75.0,0.008595761
100M3,R14,FastTreeDbl,local,64.5,0.001421184
100M3,R14,FastTreeDbl,local,65.9,0.004609493
100M3,R14,FastTreeDbl,local,75.7,0.004225616
100M3,R14,FastTreeDbl,local,28.9,0.000582374
100M3,R14,FastTreeDbl,local,4.0,2.3e-08
100M3,R14,FastTreeDbl,bootstrap,62.0,0.001421184
100M3,R14,FastTreeDbl,bootstrap,34.0,0.004609493
100M3,R14,FastTreeDbl,bootstrap,27.0,0.004225616
100M3,R14,FastTreeDbl,bootstrap,11.0,0.000582374
100M3,R14,FastTreeDbl,bootstrap,74.0,0.008595761
100M3,R14,FastTreeDbl,bootstrap,48.0,2.3e-08
100M3,R15,FastTree,local,87.4,0.00086
100M3,R15,FastTree,local,16.7,0.00127
100M3,R15,FastTree,local,72.7,0.00602
100M3,R15,FastTree,local,72.1,0.00618
100M3,R15,FastTree,local,28.7,0.00305
100M3,R15,FastTree,local,57.4,0.0007
100M3,R15,FastTree,local,7.5,0.00127
100M3,R15,FastTree,local,59.8,0.00392
100M3,R15,FastTree,local,3.2,0.00095
100M3,R15,FastTree,local,52.2,0.00489
100M3,R15,FastTreeDbl,local,53.7,0.000472323
100M3,R15,FastTreeDbl,local,27.500000000000004,0.000911294
100M3,R15,FastTreeDbl,local,69.69999999999999,0.006013476
100M3,R15,FastTreeDbl,local,71.7,0.006171974
100M3,R15,FastTreeDbl,local,30.9,0.003052801
100M3,R15,FastTreeDbl,local,50.4,9e-09
100M3,R15,FastTreeDbl,local,19.900000000000002,0.000715112
100M3,R15,FastTreeDbl,local,64.60000000000001,0.003895999
100M3,R15,FastTreeDbl,local,52.7,0.004900261
100M3,R15,FastTreeDbl,bootstrap,60.0,0.003895999
100M3,R15,FastTreeDbl,bootstrap,50.0,0.000715112
100M3,R15,FastTreeDbl,bootstrap,64.0,0.006171974
100M3,R15,FastTreeDbl,bootstrap,54.0,0.003052801
100M3,R15,FastTreeDbl,bootstrap,49.0,9e-09
100M3,R15,FastTreeDbl,bootstrap,90.0,0.000472323
100M3,R15,FastTreeDbl,bootstrap,44.0,0.000911294
100M3,R15,FastTreeDbl,bootstrap,76.0,0.006013476
100M3,R15,FastTreeDbl,bootstrap,39.0,0.004900261
100M3,R16,FastTree,local,9.700000000000001,0.00262
100M3,R16,FastTree,local,59.199999999999996,0.01405
100M3,R16,FastTree,local,71.1,0.0189
100M3,R16,FastTree,local,62.6,0.00194
100M3,R16,FastTree,local,68.89999999999999,0.02108
100M3,R16,FastTree,local,64.0,0.00713
100M3,R16,FastTree,local,65.10000000000001,0.01673
100M3,R16,FastTreeDbl,local,9.700000000000001,0.002650341
100M3,R16,FastTreeDbl,local,59.3,0.014062581
100M3,R16,FastTreeDbl,local,71.7,0.018884498
100M3,R16,FastTreeDbl,local,64.9,0.001915174
100M3,R16,FastTreeDbl,local,69.1,0.021060003
100M3,R16,FastTreeDbl,local,62.4,0.00710627
100M3,R16,FastTreeDbl,local,65.10000000000001,0.016699906
100M3,R16,FastTreeDbl,bootstrap,49.0,0.002650341
100M3,R16,FastTreeDbl,bootstrap,74.0,0.014062581
100M3,R16,FastTreeDbl,bootstrap,63.0,0.018884498
100M3,R16,FastTreeDbl,bootstrap,56.99999999999999,0.001915174
100M3,R16,FastTreeDbl,bootstrap,60.0,0.021060003
100M3,R16,FastTreeDbl,bootstrap,43.0,0.00710627
100M3,R16,FastTreeDbl,bootstrap,52.0,0.016699906
100M3,R17,FastTree,local,60.099999999999994,0.00121
100M3,R17,FastTree,local,75.5,0.00182
100M3,R17,FastTree,local,29.099999999999998,0.00185
100M3,R17,FastTree,local,40.1,0.00269
100M3,R17,FastTree,local,4.7,0.00155
100M3,R17,FastTree,local,73.4,0.00392
100M3,R17,FastTree,local,77.10000000000001,0.01284
100M3,R17,FastTree,local,43.1,0.00335
100M3,R17,FastTree,local,79.7,0.004
100M3,R17,FastTree,local,28.7,0.00385
100M3,R17,FastTreeDbl,local,5.5,0.000192087
100M3,R17,FastTreeDbl,local,75.0,0.001817318
100M3,R17,FastTreeDbl,local,29.299999999999997,0.001841104
100M3,R17,FastTreeDbl,local,43.0,0.002673823
100M3,R17,FastTreeDbl,local,6.1,0.001508051
100M3,R17,FastTreeDbl,local,70.8,0.003920918
100M3,R17,FastTreeDbl,local,77.0,0.012880673
100M3,R17,FastTreeDbl,local,12.9,0.003225879
100M3,R17,FastTreeDbl,local,79.5,0.004001557
100M3,R17,FastTreeDbl,local,31.6,0.003834019
100M3,R17,FastTreeDbl,bootstrap,37.0,0.001508051
100M3,R17,FastTreeDbl,bootstrap,64.0,0.003920918
100M3,R17,FastTreeDbl,bootstrap,65.0,0.012880673
100M3,R17,FastTreeDbl,bootstrap,68.0,0.003225879
100M3,R17,FastTreeDbl,bootstrap,70.0,0.004001557
100M3,R17,FastTreeDbl,bootstrap,53.0,0.003834019
100M3,R17,FastTreeDbl,bootstrap,44.0,0.000192087
100M3,R17,FastTreeDbl,bootstrap,41.0,0.001817318
100M3,R17,FastTreeDbl,bootstrap,41.0,0.001841104
100M3,R17,FastTreeDbl,bootstrap,48.0,0.002673823
100M3,R18,FastTree,local,78.2,0.00136
100M3,R18,FastTree,local,80.9,0.01191
100M3,R18,FastTree,local,53.2,0.04141
100M3,R18,FastTree,local,82.6,0.01669
100M3,R18,FastTree,local,68.8,0.00675
100M3,R18,FastTree,local,32.4,0.00616
100M3,R18,FastTreeDbl,local,64.7,0.00132831
100M3,R18,FastTreeDbl,local,81.0,0.011908249
100M3,R18,FastTreeDbl,local,53.300000000000004,0.041395688
100M3,R18,FastTreeDbl,local,82.69999999999999,0.016679935
100M3,R18,FastTreeDbl,local,66.0,0.006775342
100M3,R18,FastTreeDbl,local,33.1,0.006148044
100M3,R18,FastTreeDbl,bootstrap,55.00000000000001,0.041395688
100M3,R18,FastTreeDbl,bootstrap,73.0,0.016679935
100M3,R18,FastTreeDbl,bootstrap,68.0,0.006775342
100M3,R18,FastTreeDbl,bootstrap,61.0,0.006148044
100M3,R18,FastTreeDbl,bootstrap,84.0,0.00132831
100M3,R18,FastTreeDbl,bootstrap,83.0,0.011908249
100M3,R19,FastTree,local,77.2,0.00989
100M3,R19,FastTree,local,25.4,0.00523
100M3,R19,FastTree,local,71.89999999999999,0.00279
100M3,R19,FastTree,local,19.900000000000002,0.00424
100M3,R19,FastTree,local,55.00000000000001,0.00078
100M3,R19,FastTree,local,64.9,0.00223
100M3,R19,FastTree,local,45.6,0.00556
100M3,R19,FastTree,local,34.2,0.00052
100M3,R19,FastTree,local,67.30000000000001,0.00805
100M3,R19,FastTree,local,11.899999999999999,0.00236
100M3,R19,FastTree,local,73.8,0.00439
100M3,R19,FastTree,local,79.4,0.01256
100M3,R19,FastTreeDbl,local,77.60000000000001,0.009901688
100M3,R19,FastTreeDbl,local,25.6,0.005250252
100M3,R19,FastTreeDbl,local,67.4,0.002802173
100M3,R19,FastTreeDbl,local,20.7,0.00423683
100M3,R19,FastTreeDbl,local,14.499999999999998,0.000352156
100M3,R19,FastTreeDbl,local,63.6,0.002067072
100M3,R19,FastTreeDbl,local,46.0,0.005600452
100M3,R19,FastTreeDbl,local,37.3,5e-09
100M3,R19,FastTreeDbl,local,63.9,0.007989288
100M3,R19,FastTreeDbl,local,12.4,0.002295162
100M3,R19,FastTreeDbl,local,71.0,0.004394574
100M3,R19,FastTreeDbl,local,79.10000000000001,0.012564392
100M3,R19,FastTreeDbl,bootstrap,75.0,0.000352156
100M3,R19,FastTreeDbl,bootstrap,37.0,0.002067072
100M3,R19,FastTreeDbl,bootstrap,28.000000000000004,0.005600452
100M3,R19,FastTreeDbl,bootstrap,41.0,5e-09
100M3,R19,FastTreeDbl,bootstrap,28.000000000000004,0.005250252
100M3,R19,FastTreeDbl,bootstrap,51.0,0.002802173
100M3,R19,FastTreeDbl,bootstrap,28.000000000000004,0.00423683
100M3,R19,FastTreeDbl,bootstrap,51.0,0.002295162
100M3,R19,FastTreeDbl,bootstrap,70.0,0.009901688
100M3,R19,FastTreeDbl,bootstrap,65.0,0.012564392
100M3,R19,FastTreeDbl,bootstrap,65.0,0.004394574
100M3,R19,FastTreeDbl,bootstrap,60.0,0.007989288
