filename,method,NL,TRUE_NE,ESTI_NE,FN,FP,RF,factor
3--1-tryfinal_fa1_hh0_TRUE.phy.res.txt,fastTree,1028,1025,1008,45,62,0.052632,-1
3--1-tryfinal_fa1_hh1_TRUE.phy.res.txt,fastTree,1028,1025,1006,53,72,0.061546,-1
3--1-tryfinal_fa1_hh2_TRUE.phy.res.txt,fastTree,1028,1025,1004,58,79,0.067521,-1
3--1-tryfinal_fa1_hh3_TRUE.phy.res.txt,fastTree,1028,1025,1007,54,72,0.062008,-1
3--1-tryfinal_fa1_hh4_TRUE.phy.res.txt,fastTree,1028,1025,1006,63,82,0.071393,-1
3--1-tryfinal_fa1_ll0_TRUE.phy.res.txt,fastTree,1028,1025,1008,64,81,0.071323,-1
3--1-tryfinal_fa1_ll1_TRUE.phy.res.txt,fastTree,1028,1025,1007,52,70,0.060039,-1
3--1-tryfinal_fa1_ll2_TRUE.phy.res.txt,fastTree,1028,1025,1005,53,73,0.062069,-1
3--1-tryfinal_fa1_ll3_TRUE.phy.res.txt,fastTree,1028,1025,1007,61,79,0.068898,-1
3--1-tryfinal_fa1_ll4_TRUE.phy.res.txt,fastTree,1028,1025,1001,43,67,0.054294,-1
3--2-tryfinal_fa1_hh0_TRUE.phy.res.txt,fastTree,1028,1025,992,100,133,0.115518,-2
3--2-tryfinal_fa1_hh1_TRUE.phy.res.txt,fastTree,1028,1025,994,103,134,0.117385,-2
3--2-tryfinal_fa1_hh2_TRUE.phy.res.txt,fastTree,1028,1025,994,110,141,0.124319,-2
3--2-tryfinal_fa1_hh3_TRUE.phy.res.txt,fastTree,1028,1025,991,107,141,0.123016,-2
3--2-tryfinal_fa1_hh4_TRUE.phy.res.txt,fastTree,1028,1025,990,105,140,0.121588,-2
3--2-tryfinal_fa1_ll0_TRUE.phy.res.txt,fastTree,1028,1025,992,116,149,0.131383,-2
3--2-tryfinal_fa1_ll1_TRUE.phy.res.txt,fastTree,1028,1025,995,110,140,0.123762,-2
3--2-tryfinal_fa1_ll2_TRUE.phy.res.txt,fastTree,1028,1025,994,111,142,0.12531,-2
3--2-tryfinal_fa1_ll3_TRUE.phy.res.txt,fastTree,1028,1025,988,111,148,0.128664,-2
3--2-tryfinal_fa1_ll4_TRUE.phy.res.txt,fastTree,1028,1025,988,99,136,0.116741,-2
3--3-tryfinal_fa1_hh0_TRUE.phy.res.txt,fastTree,1028,1025,963,236,298,0.268612,-3
3--3-tryfinal_fa1_hh1_TRUE.phy.res.txt,fastTree,1028,1025,952,222,295,0.261507,-3
3--3-tryfinal_fa1_hh2_TRUE.phy.res.txt,fastTree,1028,1025,963,233,295,0.265594,-3
3--3-tryfinal_fa1_hh3_TRUE.phy.res.txt,fastTree,1028,1025,965,254,314,0.285427,-3
3--3-tryfinal_fa1_hh4_TRUE.phy.res.txt,fastTree,1028,1025,959,228,294,0.263105,-3
3--3-tryfinal_fa1_ll0_TRUE.phy.res.txt,fastTree,1028,1025,970,210,265,0.238095,-3
3--3-tryfinal_fa1_ll1_TRUE.phy.res.txt,fastTree,1028,1025,958,230,297,0.265759,-3
3--3-tryfinal_fa1_ll2_TRUE.phy.res.txt,fastTree,1028,1025,967,243,301,0.273092,-3
3--3-tryfinal_fa1_ll3_TRUE.phy.res.txt,fastTree,1028,1025,957,224,292,0.260343,-3
3--3-tryfinal_fa1_ll4_TRUE.phy.res.txt,fastTree,1028,1025,951,234,308,0.274291,-3
3--4-tryfinal_fa1_hh0_TRUE.phy.res.txt,fastTree,1028,1025,837,355,543,0.482277,-4
3--4-tryfinal_fa1_hh1_TRUE.phy.res.txt,fastTree,1028,1025,817,349,557,0.491857,-4
3--4-tryfinal_fa1_hh2_TRUE.phy.res.txt,fastTree,1028,1025,826,343,542,0.47812,-4
3--4-tryfinal_fa1_hh3_TRUE.phy.res.txt,fastTree,1028,1025,861,373,537,0.482503,-4
3--4-tryfinal_fa1_hh4_TRUE.phy.res.txt,fastTree,1028,1025,856,351,520,0.463052,-4
3--4-tryfinal_fa1_ll0_TRUE.phy.res.txt,fastTree,1028,1025,848,352,529,0.470368,-4
3--4-tryfinal_fa1_ll1_TRUE.phy.res.txt,fastTree,1028,1025,842,364,547,0.487949,-4
3--4-tryfinal_fa1_ll2_TRUE.phy.res.txt,fastTree,1028,1025,836,351,540,0.478775,-4
3--4-tryfinal_fa1_ll3_TRUE.phy.res.txt,fastTree,1028,1025,834,352,543,0.481442,-4
3--4-tryfinal_fa1_ll4_TRUE.phy.res.txt,fastTree,1028,1025,849,372,548,0.490928,-4
3-0-tryfinal_fa1_hh0_TRUE.phy.res.txt,fastTree,1028,1025,1011,60,74,0.065815,0
3-0-tryfinal_fa1_hh1_TRUE.phy.res.txt,fastTree,1028,1025,1012,73,86,0.078056,0
3-0-tryfinal_fa1_hh2_TRUE.phy.res.txt,fastTree,1028,1025,1010,64,79,0.07027,0
3-0-tryfinal_fa1_hh3_TRUE.phy.res.txt,fastTree,1028,1025,1012,71,84,0.076092,0
3-0-tryfinal_fa1_hh4_TRUE.phy.res.txt,fastTree,1028,1025,1011,60,74,0.065815,0
3-0-tryfinal_fa1_ll0_TRUE.phy.res.txt,fastTree,1028,1025,1011,74,88,0.079568,0
3-0-tryfinal_fa1_ll1_TRUE.phy.res.txt,fastTree,1028,1025,1011,60,74,0.065815,0
3-0-tryfinal_fa1_ll2_TRUE.phy.res.txt,fastTree,1028,1025,1012,63,76,0.068238,0
3-0-tryfinal_fa1_ll3_TRUE.phy.res.txt,fastTree,1028,1025,1012,56,69,0.061365,0
3-0-tryfinal_fa1_ll4_TRUE.phy.res.txt,fastTree,1028,1025,1012,62,75,0.067256,0
3-1-tryfinal_fa1_hh0_TRUE.phy.res.txt,fastTree,1028,1025,1012,139,152,0.142857,1
3-1-tryfinal_fa1_hh1_TRUE.phy.res.txt,fastTree,1028,1025,1012,170,183,0.173294,1
3-1-tryfinal_fa1_hh2_TRUE.phy.res.txt,fastTree,1028,1025,1013,142,154,0.14524,1
3-1-tryfinal_fa1_hh3_TRUE.phy.res.txt,fastTree,1028,1025,1012,150,163,0.153657,1
3-1-tryfinal_fa1_hh4_TRUE.phy.res.txt,fastTree,1028,1025,1012,126,139,0.130093,1
3-1-tryfinal_fa1_ll0_TRUE.phy.res.txt,fastTree,1028,1025,1012,143,156,0.146784,1
3-1-tryfinal_fa1_ll1_TRUE.phy.res.txt,fastTree,1028,1025,1012,137,150,0.140893,1
3-1-tryfinal_fa1_ll2_TRUE.phy.res.txt,fastTree,1028,1025,1012,165,178,0.168385,1
3-1-tryfinal_fa1_ll3_TRUE.phy.res.txt,fastTree,1028,1025,1011,149,163,0.153242,1
3-1-tryfinal_fa1_ll4_TRUE.phy.res.txt,fastTree,1028,1025,1012,157,170,0.16053,1
3-2-tryfinal_fa1_hh0_TRUE.phy.res.txt,fastTree,1028,1025,1012,448,461,0.446244,2
3-2-tryfinal_fa1_hh1_TRUE.phy.res.txt,fastTree,1028,1025,1013,449,461,0.446516,2
3-2-tryfinal_fa1_hh2_TRUE.phy.res.txt,fastTree,1028,1025,1012,469,482,0.466863,2
3-2-tryfinal_fa1_hh3_TRUE.phy.res.txt,fastTree,1028,1025,1015,454,464,0.45,2
3-2-tryfinal_fa1_hh4_TRUE.phy.res.txt,fastTree,1028,1025,1012,469,482,0.466863,2
3-2-tryfinal_fa1_ll0_TRUE.phy.res.txt,fastTree,1028,1025,1012,456,469,0.454099,2
3-2-tryfinal_fa1_ll1_TRUE.phy.res.txt,fastTree,1028,1025,1012,470,483,0.467845,2
3-2-tryfinal_fa1_ll2_TRUE.phy.res.txt,fastTree,1028,1025,1013,466,478,0.463199,2
3-2-tryfinal_fa1_ll3_TRUE.phy.res.txt,fastTree,1028,1025,1012,444,457,0.442317,2
3-2-tryfinal_fa1_ll4_TRUE.phy.res.txt,fastTree,1028,1025,1014,471,482,0.467386,2
3-3-tryfinal_fa1_hh0_TRUE.phy.res.txt,fastTree,1028,1025,1014,770,781,0.760667,3
3-3-tryfinal_fa1_hh1_TRUE.phy.res.txt,fastTree,1028,1025,1012,781,794,0.773196,3
3-3-tryfinal_fa1_hh2_TRUE.phy.res.txt,fastTree,1028,1025,1016,796,805,0.784419,3
3-3-tryfinal_fa1_hh3_TRUE.phy.res.txt,fastTree,1028,1025,1015,784,794,0.773529,3
3-3-tryfinal_fa1_hh4_TRUE.phy.res.txt,fastTree,1028,1025,1016,803,812,0.791279,3
3-3-tryfinal_fa1_ll0_TRUE.phy.res.txt,fastTree,1028,1025,1014,786,797,0.776361,3
3-3-tryfinal_fa1_ll1_TRUE.phy.res.txt,fastTree,1028,1025,1015,780,790,0.769608,3
3-3-tryfinal_fa1_ll2_TRUE.phy.res.txt,fastTree,1028,1025,1015,798,808,0.787255,3
3-3-tryfinal_fa1_ll3_TRUE.phy.res.txt,fastTree,1028,1025,1017,770,778,0.75808,3
3-3-tryfinal_fa1_ll4_TRUE.phy.res.txt,fastTree,1028,1025,1014,792,803,0.782246,3
3--1-tryfinal_fa1_hh0_TRUE.phy.treefile,iqtree,1028,1025,1025,61,61,0.059512,-1
3--1-tryfinal_fa1_hh1_TRUE.phy.treefile,iqtree,1028,1025,1025,73,73,0.07122,-1
3--1-tryfinal_fa1_hh2_TRUE.phy.treefile,iqtree,1028,1025,1025,85,85,0.082927,-1
3--1-tryfinal_fa1_hh3_TRUE.phy.treefile,iqtree,1028,1025,1025,74,74,0.072195,-1
3--1-tryfinal_fa1_hh4_TRUE.phy.treefile,iqtree,1028,1025,1025,79,79,0.077073,-1
3--1-tryfinal_fa1_ll0_TRUE.phy.treefile,iqtree,1028,1025,1025,68,68,0.066341,-1
3--1-tryfinal_fa1_ll1_TRUE.phy.treefile,iqtree,1028,1025,1025,58,58,0.056585,-1
3--1-tryfinal_fa1_ll2_TRUE.phy.treefile,iqtree,1028,1025,1025,72,72,0.070244,-1
3--1-tryfinal_fa1_ll3_TRUE.phy.treefile,iqtree,1028,1025,1025,68,68,0.066341,-1
3--1-tryfinal_fa1_ll4_TRUE.phy.treefile,iqtree,1028,1025,1025,63,63,0.061463,-1
3--2-tryfinal_fa1_hh0_TRUE.phy.treefile,iqtree,1028,1025,1025,131,131,0.127805,-2
3--2-tryfinal_fa1_hh1_TRUE.phy.treefile,iqtree,1028,1025,1025,154,154,0.150244,-2
3--2-tryfinal_fa1_hh2_TRUE.phy.treefile,iqtree,1028,1025,1025,141,141,0.137561,-2
3--2-tryfinal_fa1_hh3_TRUE.phy.treefile,iqtree,1028,1025,1025,156,156,0.152195,-2
3--2-tryfinal_fa1_hh4_TRUE.phy.treefile,iqtree,1028,1025,1025,144,144,0.140488,-2
3--2-tryfinal_fa1_ll0_TRUE.phy.treefile,iqtree,1028,1025,1025,147,147,0.143415,-2
3--2-tryfinal_fa1_ll1_TRUE.phy.treefile,iqtree,1028,1025,1025,130,130,0.126829,-2
3--2-tryfinal_fa1_ll2_TRUE.phy.treefile,iqtree,1028,1025,1025,140,140,0.136585,-2
3--2-tryfinal_fa1_ll3_TRUE.phy.treefile,iqtree,1028,1025,1025,147,147,0.143415,-2
3--2-tryfinal_fa1_ll4_TRUE.phy.treefile,iqtree,1028,1025,1025,131,131,0.127805,-2
3--3-tryfinal_fa1_hh0_TRUE.phy.treefile,iqtree,1028,1025,1025,303,303,0.29561,-3
3--3-tryfinal_fa1_hh1_TRUE.phy.treefile,iqtree,1028,1025,1025,286,286,0.279024,-3
3--3-tryfinal_fa1_hh2_TRUE.phy.treefile,iqtree,1028,1025,1025,278,278,0.27122,-3
3--3-tryfinal_fa1_hh3_TRUE.phy.treefile,iqtree,1028,1025,1025,295,295,0.287805,-3
3--3-tryfinal_fa1_hh4_TRUE.phy.treefile,iqtree,1028,1025,1025,293,293,0.285854,-3
3--3-tryfinal_fa1_ll0_TRUE.phy.treefile,iqtree,1028,1025,1025,265,265,0.258537,-3
3--3-tryfinal_fa1_ll1_TRUE.phy.treefile,iqtree,1028,1025,1025,295,295,0.287805,-3
3--3-tryfinal_fa1_ll2_TRUE.phy.treefile,iqtree,1028,1025,1025,285,285,0.278049,-3
3--3-tryfinal_fa1_ll3_TRUE.phy.treefile,iqtree,1028,1025,1025,285,285,0.278049,-3
3--3-tryfinal_fa1_ll4_TRUE.phy.treefile,iqtree,1028,1025,1025,296,296,0.28878,-3
3--4-tryfinal_fa1_hh0_TRUE.phy.treefile,iqtree,1028,1025,1025,538,538,0.524878,-4
3--4-tryfinal_fa1_hh1_TRUE.phy.treefile,iqtree,1028,1025,1025,556,556,0.542439,-4
3--4-tryfinal_fa1_hh2_TRUE.phy.treefile,iqtree,1028,1025,1025,537,537,0.523902,-4
3--4-tryfinal_fa1_hh3_TRUE.phy.treefile,iqtree,1028,1025,1025,539,539,0.525854,-4
3--4-tryfinal_fa1_hh4_TRUE.phy.treefile,iqtree,1028,1025,1025,524,524,0.51122,-4
3--4-tryfinal_fa1_ll0_TRUE.phy.treefile,iqtree,1028,1025,1025,539,539,0.525854,-4
3--4-tryfinal_fa1_ll1_TRUE.phy.treefile,iqtree,1028,1025,1025,558,558,0.54439,-4
3--4-tryfinal_fa1_ll2_TRUE.phy.treefile,iqtree,1028,1025,1025,541,541,0.527805,-4
3--4-tryfinal_fa1_ll3_TRUE.phy.treefile,iqtree,1028,1025,1025,538,538,0.524878,-4
3--4-tryfinal_fa1_ll4_TRUE.phy.treefile,iqtree,1028,1025,1025,548,548,0.534634,-4
3-0-tryfinal_fa1_hh0_TRUE.phy.treefile,iqtree,1028,1025,1025,76,76,0.074146,0
3-0-tryfinal_fa1_hh1_TRUE.phy.treefile,iqtree,1028,1025,1025,104,104,0.101463,0
3-0-tryfinal_fa1_hh2_TRUE.phy.treefile,iqtree,1028,1025,1025,106,106,0.103415,0
3-0-tryfinal_fa1_hh3_TRUE.phy.treefile,iqtree,1028,1025,1025,74,74,0.072195,0
3-0-tryfinal_fa1_hh4_TRUE.phy.treefile,iqtree,1028,1025,1025,79,79,0.077073,0
3-0-tryfinal_fa1_ll0_TRUE.phy.treefile,iqtree,1028,1025,1025,109,109,0.106341,0
3-0-tryfinal_fa1_ll1_TRUE.phy.treefile,iqtree,1028,1025,1025,101,101,0.098537,0
3-0-tryfinal_fa1_ll2_TRUE.phy.treefile,iqtree,1028,1025,1025,84,84,0.081951,0
3-0-tryfinal_fa1_ll3_TRUE.phy.treefile,iqtree,1028,1025,1025,74,74,0.072195,0
3-0-tryfinal_fa1_ll4_TRUE.phy.treefile,iqtree,1028,1025,1025,88,88,0.085854,0
3-1-tryfinal_fa1_hh0_TRUE.phy.treefile,iqtree,1028,1025,1025,219,219,0.213659,1
3-1-tryfinal_fa1_hh1_TRUE.phy.treefile,iqtree,1015,1012,1012,192,192,0.189723,1
3-1-tryfinal_fa1_hh2_TRUE.phy.treefile,iqtree,1028,1025,1025,211,211,0.205854,1
3-1-tryfinal_fa1_hh3_TRUE.phy.treefile,iqtree,1028,1025,1025,184,184,0.179512,1
3-1-tryfinal_fa1_hh4_TRUE.phy.treefile,iqtree,1028,1025,1025,184,184,0.179512,1
3-1-tryfinal_fa1_ll0_TRUE.phy.treefile,iqtree,1028,1025,1025,227,227,0.221463,1
3-1-tryfinal_fa1_ll1_TRUE.phy.treefile,iqtree,1028,1025,1025,200,200,0.195122,1
3-1-tryfinal_fa1_ll2_TRUE.phy.treefile,iqtree,1028,1025,1025,203,203,0.198049,1
3-1-tryfinal_fa1_ll3_TRUE.phy.treefile,iqtree,1028,1025,1025,166,166,0.161951,1
3-1-tryfinal_fa1_ll4_TRUE.phy.treefile,iqtree,1028,1025,1025,249,249,0.242927,1
3-2-tryfinal_fa1_hh0_TRUE.phy.treefile,iqtree,1028,1025,1025,474,474,0.462439,2
3-2-tryfinal_fa1_hh1_TRUE.phy.treefile,iqtree,1028,1025,1025,425,425,0.414634,2
3-2-tryfinal_fa1_hh2_TRUE.phy.treefile,iqtree,1028,1025,1025,452,452,0.440976,2
3-2-tryfinal_fa1_hh3_TRUE.phy.treefile,iqtree,1028,1025,1025,457,457,0.445854,2
3-2-tryfinal_fa1_hh4_TRUE.phy.treefile,iqtree,1028,1025,1025,422,422,0.411707,2
3-2-tryfinal_fa1_ll0_TRUE.phy.treefile,iqtree,1028,1025,1025,450,450,0.439024,2
3-2-tryfinal_fa1_ll1_TRUE.phy.treefile,iqtree,1028,1025,1025,460,460,0.44878,2
3-2-tryfinal_fa1_ll2_TRUE.phy.treefile,iqtree,1028,1025,1025,423,423,0.412683,2
3-2-tryfinal_fa1_ll3_TRUE.phy.treefile,iqtree,1028,1025,1025,420,420,0.409756,2
3-2-tryfinal_fa1_ll4_TRUE.phy.treefile,iqtree,1028,1025,1025,433,433,0.422439,2
3-3-tryfinal_fa1_hh0_TRUE.phy.treefile,iqtree,1028,1025,1025,869,869,0.847805,3
3-3-tryfinal_fa1_hh1_TRUE.phy.treefile,iqtree,1015,1012,1012,882,882,0.871542,3
3-3-tryfinal_fa1_hh2_TRUE.phy.treefile,iqtree,1028,1025,1025,912,912,0.889756,3
3-3-tryfinal_fa1_hh3_TRUE.phy.treefile,iqtree,1028,1025,1025,901,901,0.879024,3
3-3-tryfinal_fa1_hh4_TRUE.phy.treefile,iqtree,1028,1025,1025,865,865,0.843902,3
3-3-tryfinal_fa1_ll0_TRUE.phy.treefile,iqtree,1028,1025,1025,865,865,0.843902,3
3-3-tryfinal_fa1_ll1_TRUE.phy.treefile,iqtree,1028,1025,1025,857,857,0.836098,3
3-3-tryfinal_fa1_ll2_TRUE.phy.treefile,iqtree,1028,1025,1025,861,861,0.84,3
3-3-tryfinal_fa1_ll3_TRUE.phy.treefile,iqtree,1028,1025,1025,863,863,0.841951,3
3-3-tryfinal_fa1_ll4_TRUE.phy.treefile,iqtree,1028,1025,1025,868,868,0.846829,3
RAxML_parsimonyTree.3--1-tryfinal_fa1_hh0_TRUE.phy_raxml,raxml,1028,1025,1025,80,80,0.078049,-1
RAxML_parsimonyTree.3--1-tryfinal_fa1_hh1_TRUE.phy_raxml,raxml,1028,1025,1025,94,94,0.091707,-1
RAxML_parsimonyTree.3--1-tryfinal_fa1_hh2_TRUE.phy_raxml,raxml,1028,1025,1025,91,91,0.08878,-1
RAxML_parsimonyTree.3--1-tryfinal_fa1_hh3_TRUE.phy_raxml,raxml,1028,1025,1025,85,85,0.082927,-1
RAxML_parsimonyTree.3--1-tryfinal_fa1_hh4_TRUE.phy_raxml,raxml,1028,1025,1025,91,91,0.08878,-1
RAxML_parsimonyTree.3--1-tryfinal_fa1_ll0_TRUE.phy_raxml,raxml,1028,1025,1025,95,95,0.092683,-1
RAxML_parsimonyTree.3--1-tryfinal_fa1_ll1_TRUE.phy_raxml,raxml,1028,1025,1025,94,94,0.091707,-1
RAxML_parsimonyTree.3--1-tryfinal_fa1_ll2_TRUE.phy_raxml,raxml,1028,1025,1025,93,93,0.090732,-1
RAxML_parsimonyTree.3--1-tryfinal_fa1_ll3_TRUE.phy_raxml,raxml,1028,1025,1025,77,77,0.075122,-1
RAxML_parsimonyTree.3--1-tryfinal_fa1_ll4_TRUE.phy_raxml,raxml,1028,1025,1025,94,94,0.091707,-1
RAxML_parsimonyTree.3--2-tryfinal_fa1_hh0_TRUE.phy_raxml,raxml,1028,1025,1025,150,150,0.146341,-2
RAxML_parsimonyTree.3--2-tryfinal_fa1_hh1_TRUE.phy_raxml,raxml,1028,1025,1025,154,154,0.150244,-2
RAxML_parsimonyTree.3--2-tryfinal_fa1_hh2_TRUE.phy_raxml,raxml,1028,1025,1025,158,158,0.154146,-2
RAxML_parsimonyTree.3--2-tryfinal_fa1_hh3_TRUE.phy_raxml,raxml,1028,1025,1025,148,148,0.14439,-2
RAxML_parsimonyTree.3--2-tryfinal_fa1_hh4_TRUE.phy_raxml,raxml,1028,1025,1025,162,162,0.158049,-2
RAxML_parsimonyTree.3--2-tryfinal_fa1_ll0_TRUE.phy_raxml,raxml,1028,1025,1025,163,163,0.159024,-2
RAxML_parsimonyTree.3--2-tryfinal_fa1_ll1_TRUE.phy_raxml,raxml,1028,1025,1025,145,145,0.141463,-2
RAxML_parsimonyTree.3--2-tryfinal_fa1_ll2_TRUE.phy_raxml,raxml,1028,1025,1025,157,157,0.153171,-2
RAxML_parsimonyTree.3--2-tryfinal_fa1_ll3_TRUE.phy_raxml,raxml,1028,1025,1025,162,162,0.158049,-2
RAxML_parsimonyTree.3--2-tryfinal_fa1_ll4_TRUE.phy_raxml,raxml,1028,1025,1025,155,155,0.15122,-2
RAxML_parsimonyTree.3--3-tryfinal_fa1_hh0_TRUE.phy_raxml,raxml,1028,1025,1025,327,327,0.319024,-3
RAxML_parsimonyTree.3--3-tryfinal_fa1_hh1_TRUE.phy_raxml,raxml,1028,1025,1025,316,316,0.308293,-3
RAxML_parsimonyTree.3--3-tryfinal_fa1_hh2_TRUE.phy_raxml,raxml,1028,1025,1025,300,300,0.292683,-3
RAxML_parsimonyTree.3--3-tryfinal_fa1_hh3_TRUE.phy_raxml,raxml,1028,1025,1025,333,333,0.324878,-3
RAxML_parsimonyTree.3--3-tryfinal_fa1_hh4_TRUE.phy_raxml,raxml,1028,1025,1025,322,322,0.314146,-3
RAxML_parsimonyTree.3--3-tryfinal_fa1_ll0_TRUE.phy_raxml,raxml,1028,1025,1025,274,274,0.267317,-3
RAxML_parsimonyTree.3--3-tryfinal_fa1_ll1_TRUE.phy_raxml,raxml,1028,1025,1025,337,337,0.32878,-3
RAxML_parsimonyTree.3--3-tryfinal_fa1_ll2_TRUE.phy_raxml,raxml,1028,1025,1025,302,302,0.294634,-3
RAxML_parsimonyTree.3--3-tryfinal_fa1_ll3_TRUE.phy_raxml,raxml,1028,1025,1025,307,307,0.299512,-3
RAxML_parsimonyTree.3--3-tryfinal_fa1_ll4_TRUE.phy_raxml,raxml,1028,1025,1025,335,335,0.326829,-3
RAxML_parsimonyTree.3--4-tryfinal_fa1_hh0_TRUE.phy_raxml,raxml,1028,1025,1025,559,559,0.545366,-4
RAxML_parsimonyTree.3--4-tryfinal_fa1_hh1_TRUE.phy_raxml,raxml,1028,1025,1025,562,562,0.548293,-4
RAxML_parsimonyTree.3--4-tryfinal_fa1_hh2_TRUE.phy_raxml,raxml,1028,1025,1025,560,560,0.546341,-4
RAxML_parsimonyTree.3--4-tryfinal_fa1_hh3_TRUE.phy_raxml,raxml,1028,1025,1025,554,554,0.540488,-4
RAxML_parsimonyTree.3--4-tryfinal_fa1_hh4_TRUE.phy_raxml,raxml,1028,1025,1025,539,539,0.525854,-4
RAxML_parsimonyTree.3--4-tryfinal_fa1_ll0_TRUE.phy_raxml,raxml,1028,1025,1025,556,556,0.542439,-4
RAxML_parsimonyTree.3--4-tryfinal_fa1_ll1_TRUE.phy_raxml,raxml,1028,1025,1025,568,568,0.554146,-4
RAxML_parsimonyTree.3--4-tryfinal_fa1_ll2_TRUE.phy_raxml,raxml,1028,1025,1025,565,565,0.55122,-4
RAxML_parsimonyTree.3--4-tryfinal_fa1_ll3_TRUE.phy_raxml,raxml,1028,1025,1025,579,579,0.564878,-4
RAxML_parsimonyTree.3--4-tryfinal_fa1_ll4_TRUE.phy_raxml,raxml,1028,1025,1025,567,567,0.553171,-4
RAxML_parsimonyTree.3-0-tryfinal_fa1_hh0_TRUE.phy_raxml,raxml,1028,1025,1025,100,100,0.097561,0
RAxML_parsimonyTree.3-0-tryfinal_fa1_hh1_TRUE.phy_raxml,raxml,1028,1025,1025,104,104,0.101463,0
RAxML_parsimonyTree.3-0-tryfinal_fa1_hh2_TRUE.phy_raxml,raxml,1028,1025,1025,95,95,0.092683,0
RAxML_parsimonyTree.3-0-tryfinal_fa1_hh3_TRUE.phy_raxml,raxml,1028,1025,1025,93,93,0.090732,0
RAxML_parsimonyTree.3-0-tryfinal_fa1_hh4_TRUE.phy_raxml,raxml,1028,1025,1025,98,98,0.09561,0
RAxML_parsimonyTree.3-0-tryfinal_fa1_ll0_TRUE.phy_raxml,raxml,1028,1025,1025,94,94,0.091707,0
RAxML_parsimonyTree.3-0-tryfinal_fa1_ll1_TRUE.phy_raxml,raxml,1028,1025,1025,103,103,0.100488,0
RAxML_parsimonyTree.3-0-tryfinal_fa1_ll2_TRUE.phy_raxml,raxml,1028,1025,1025,101,101,0.098537,0
RAxML_parsimonyTree.3-0-tryfinal_fa1_ll3_TRUE.phy_raxml,raxml,1028,1025,1025,99,99,0.096585,0
RAxML_parsimonyTree.3-0-tryfinal_fa1_ll4_TRUE.phy_raxml,raxml,1028,1025,1025,103,103,0.100488,0
RAxML_parsimonyTree.3-1-tryfinal_fa1_hh0_TRUE.phy_raxml,raxml,1028,1025,1025,228,228,0.222439,1
RAxML_parsimonyTree.3-1-tryfinal_fa1_hh1_TRUE.phy_raxml,raxml,1028,1025,1025,212,212,0.206829,1
RAxML_parsimonyTree.3-1-tryfinal_fa1_hh2_TRUE.phy_raxml,raxml,1028,1025,1025,222,222,0.216585,1
RAxML_parsimonyTree.3-1-tryfinal_fa1_hh3_TRUE.phy_raxml,raxml,1028,1025,1025,228,228,0.222439,1
RAxML_parsimonyTree.3-1-tryfinal_fa1_hh4_TRUE.phy_raxml,raxml,1028,1025,1025,227,227,0.221463,1
RAxML_parsimonyTree.3-1-tryfinal_fa1_ll0_TRUE.phy_raxml,raxml,1028,1025,1025,225,225,0.219512,1
RAxML_parsimonyTree.3-1-tryfinal_fa1_ll1_TRUE.phy_raxml,raxml,1028,1025,1025,206,206,0.200976,1
RAxML_parsimonyTree.3-1-tryfinal_fa1_ll2_TRUE.phy_raxml,raxml,1028,1025,1025,234,234,0.228293,1
RAxML_parsimonyTree.3-1-tryfinal_fa1_ll3_TRUE.phy_raxml,raxml,1028,1025,1025,255,255,0.24878,1
RAxML_parsimonyTree.3-1-tryfinal_fa1_ll4_TRUE.phy_raxml,raxml,1028,1025,1025,225,225,0.219512,1
RAxML_parsimonyTree.3-2-tryfinal_fa1_hh0_TRUE.phy_raxml,raxml,1028,1025,1025,503,503,0.490732,2
RAxML_parsimonyTree.3-2-tryfinal_fa1_hh1_TRUE.phy_raxml,raxml,1028,1025,1025,497,497,0.484878,2
RAxML_parsimonyTree.3-2-tryfinal_fa1_hh2_TRUE.phy_raxml,raxml,1028,1025,1025,521,521,0.508293,2
RAxML_parsimonyTree.3-2-tryfinal_fa1_hh3_TRUE.phy_raxml,raxml,1028,1025,1025,532,532,0.519024,2
RAxML_parsimonyTree.3-2-tryfinal_fa1_hh4_TRUE.phy_raxml,raxml,1028,1025,1025,515,515,0.502439,2
RAxML_parsimonyTree.3-2-tryfinal_fa1_ll0_TRUE.phy_raxml,raxml,1028,1025,1025,506,506,0.493659,2
RAxML_parsimonyTree.3-2-tryfinal_fa1_ll1_TRUE.phy_raxml,raxml,1028,1025,1025,500,500,0.487805,2
RAxML_parsimonyTree.3-2-tryfinal_fa1_ll2_TRUE.phy_raxml,raxml,1028,1025,1025,519,519,0.506341,2
RAxML_parsimonyTree.3-2-tryfinal_fa1_ll3_TRUE.phy_raxml,raxml,1028,1025,1025,508,508,0.49561,2
RAxML_parsimonyTree.3-2-tryfinal_fa1_ll4_TRUE.phy_raxml,raxml,1028,1025,1025,508,508,0.49561,2
RAxML_parsimonyTree.3-3-tryfinal_fa1_hh0_TRUE.phy_raxml,raxml,1028,1025,1025,793,793,0.773659,3
RAxML_parsimonyTree.3-3-tryfinal_fa1_hh1_TRUE.phy_raxml,raxml,1028,1025,1025,791,791,0.771707,3
RAxML_parsimonyTree.3-3-tryfinal_fa1_hh2_TRUE.phy_raxml,raxml,1028,1025,1025,794,794,0.774634,3
RAxML_parsimonyTree.3-3-tryfinal_fa1_hh3_TRUE.phy_raxml,raxml,1028,1025,1025,788,788,0.76878,3
RAxML_parsimonyTree.3-3-tryfinal_fa1_hh4_TRUE.phy_raxml,raxml,1028,1025,1025,791,791,0.771707,3
RAxML_parsimonyTree.3-3-tryfinal_fa1_ll0_TRUE.phy_raxml,raxml,1028,1025,1025,798,798,0.778537,3
RAxML_parsimonyTree.3-3-tryfinal_fa1_ll1_TRUE.phy_raxml,raxml,1028,1025,1025,791,791,0.771707,3
RAxML_parsimonyTree.3-3-tryfinal_fa1_ll2_TRUE.phy_raxml,raxml,1028,1025,1025,790,790,0.770732,3
RAxML_parsimonyTree.3-3-tryfinal_fa1_ll3_TRUE.phy_raxml,raxml,1028,1025,1025,792,792,0.772683,3
RAxML_parsimonyTree.3-3-tryfinal_fa1_ll4_TRUE.phy_raxml,raxml,1028,1025,1025,792,792,0.772683,3
